post_id,tweet_date,entity,entity_name,stance,indices_used,sectors_used,peers_used,used_fallback,text,raw_eod,abn_idx_eod,abn_sec_eod,abn_peer_eod,band_eod,label_eod,raw_2d,abn_idx_2d,abn_sec_2d,abn_peer_2d,band_2d,label_2d,raw_3d,abn_idx_3d,abn_sec_3d,abn_peer_3d,band_3d,label_3d,raw_1w,abn_idx_1w,abn_sec_1w,abn_peer_1w,band_1w,label_1w,raw_2w,abn_idx_2w,abn_sec_2w,abn_peer_2w,band_2w,label_2w,raw_3w,abn_idx_3w,abn_sec_3w,abn_peer_3w,band_3w,label_3w,raw_1mo,abn_idx_1mo,abn_sec_1mo,abn_peer_1mo,band_1mo,label_1mo,abn_sec_30m,label_30m,abn_sec_1h,label_1h
114372126396548824,2025-04-20,AMD,AMD,positive,SPY QQQ,XLK SMH,AAPL MSFT NVDA AVGO INTC TSM,0,"HOPEFULLY RUSSIA AMD UKRAINE WILL MAKE A DEAL THIS WEEK. BOTH WILL THEN START TO DO BIG BUSINESS WITH THE UNITED STATES OF AMERICA, WHICH IS THRIVING, AND MAKE A FORTUNE!",-0.0053,0.0075,0.0026,0.0021,0.0353,NEUTRAL,0.0028,-0.0102,-0.0121,-0.0105,0.05,NEUTRAL,0.0508,0.0185,0.0026,-0.0046,0.0612,NEUTRAL,0.1236,0.0561,0.0134,0.0318,0.079,NEUTRAL,0.1486,0.0471,-0.0018,-0.0287,0.1117,NEUTRAL,0.1955,0.0974,0.031,0.0166,0.1368,NEUTRAL,0.3339,0.1676,0.0649,0.0553,0.1619,NEUTRAL,0.0,,0.0013,
114593895018014960,2025-05-30,TSLA,Tesla,neutral,SPY QQQ,XLY,AMZN HD MCD NKE,0,"I am having a Press Conference tomorrow at 1:30 P.M. EST, with Elon Musk, at the Oval Office. This will be his last day, but not really, because he will, always, be with us, helping all the way. Elon ",-0.0255,-0.0256,-0.0239,-0.0276,0.0148,NEUTRAL,-0.0361,-0.0429,-0.0368,-0.0444,0.021,NEUTRAL,-0.0316,-0.0453,-0.0377,-0.0433,0.0257,NEUTRAL,-0.1992,-0.2078,-0.1773,-0.2129,0.0332,NEUTRAL,-0.1024,-0.1287,-0.1004,-0.1184,0.0469,NEUTRAL,-0.0938,-0.107,-0.0777,-0.0664,0.0575,NEUTRAL,-0.1065,-0.1642,-0.1235,-0.1446,0.068,NEUTRAL,0.3435,,0.0076,
114776149269773065,2025-07-01,TSLA,Tesla,neutral,SPY QQQ,XLY,AMZN HD MCD NKE,0,"Elon Musk knew, long before he so strongly Endorsed me for President, that I was strongly against the EV Mandate. It is ridiculous, and was always a major part of my campaign. Electric cars are fine, ",0.0075,0.009,-0.0065,-0.0109,0.0224,NEUTRAL,0.0576,0.0533,0.0354,0.0436,0.0317,NEUTRAL,0.0566,0.0434,0.0289,0.0376,0.0388,NEUTRAL,-0.0022,-0.0078,-0.0134,-0.0062,0.0501,NEUTRAL,0.0413,0.0302,0.0235,0.0291,0.0709,NEUTRAL,0.1127,0.0921,0.0652,0.0832,0.0868,NEUTRAL,0.069,0.0376,0.032,0.0256,0.1027,NEUTRAL,-0.1508,,-0.0462,
114808616176041421,2025-07-06,TSLA,Tesla,positive,SPY QQQ,XLY,AMZN HD MCD NKE,0,"I am saddened to watch Elon Musk go completely “off the rails,” essentially becoming a TRAIN WRECK over the past five weeks. He even wants to start a Third Political Party, despite the fact that they ",0.0088,0.0123,0.0079,0.0088,0.0235,NEUTRAL,0.0221,0.0256,0.0245,0.035,0.0333,NEUTRAL,0.0155,0.0125,0.012,0.0184,0.0408,NEUTRAL,0.076,0.0752,0.0611,0.0727,0.0526,UP,0.1314,0.121,0.1131,0.142,0.0744,UP,0.0847,0.0621,0.0541,0.0715,0.0911,NEUTRAL,0.0614,0.0456,0.0594,0.0562,0.1078,NEUTRAL,-0.0499,,-0.063,
115272665190921190,2025-09-26,MSFT,Microsoft,neutral,SPY QQQ DIA,XLK,AAPL NVDA AMD AVGO,0,"Corrupt and Totally Trump Deranged Lisa Monaco (A purported pawn of Legal Lightweight Andrew Weissmann), was a senior National Security aide under Barrack Hussein Obama, and a Lawfare and Weaponizatio",0.0061,0.0071,0.0065,0.0024,0.005,NEUTRAL,0.0126,0.011,0.0075,0.0073,0.007,NEUTRAL,0.0161,0.0113,0.0011,0.0022,0.0086,NEUTRAL,0.0114,0.004,-0.0038,-0.0096,0.0111,NEUTRAL,-0.0011,0.0164,0.0063,0.0083,0.0158,NEUTRAL,0.0041,0.0027,-0.0122,-0.0235,0.0193,NEUTRAL,0.0391,0.0041,-0.027,-0.0303,0.0228,NEUTRAL,-0.0018,,-0.0024,
115686072737425841,2025-12-08,NVDA,NVIDIA,positive,SPY QQQ DIA,XLK SMH,AAPL MSFT AMD AVGO INTC TSM,0,"I have informed President Xi, of China, that the United States will allow NVIDIA to ship its H200 products to approved customers in China, and other Countries, under conditions that allow for continue",-0.0032,-0.0031,-0.0082,-0.0075,0.0121,NEUTRAL,-0.0096,-0.0165,-0.0239,-0.0116,0.0171,NEUTRAL,-0.025,-0.0361,-0.0323,-0.0256,0.021,NEUTRAL,-0.05,-0.0471,-0.0136,-0.0004,0.027,NEUTRAL,-0.0101,-0.0148,0.005,0.0166,0.0383,NEUTRAL,0.0107,0.0047,0.02,0.0327,0.0469,NEUTRAL,-0.0028,-0.0168,-0.0109,0.0428,0.0554,NEUTRAL,-0.0017,,-0.0015,
115686072737425841,2025-12-08,AMD,AMD,positive,SPY QQQ,XLK SMH,AAPL MSFT NVDA AVGO INTC TSM,0,"I have informed President Xi, of China, that the United States will allow NVIDIA to ship its H200 products to approved customers in China, and other Countries, under conditions that allow for continue",0.0026,0.0011,-0.0024,0.0012,0.0193,NEUTRAL,0.0017,-0.0052,-0.0126,-0.0,0.0272,NEUTRAL,0.0018,-0.0047,-0.0056,0.0078,0.0334,NEUTRAL,-0.0609,-0.0491,-0.0245,-0.0168,0.0431,NEUTRAL,-0.0276,-0.0279,-0.0124,-0.0048,0.0609,NEUTRAL,-0.0258,-0.0279,-0.0164,-0.015,0.0746,NEUTRAL,-0.074,-0.0788,-0.0821,-0.0614,0.0882,NEUTRAL,-0.0023,,0.0121,
115884759090137876,2026-01-12,MSFT,Microsoft,positive,SPY QQQ DIA,XLK,AAPL NVDA AMD AVGO,0,"Under Sleepy Joe Biden and the Radical Left Democrats, the average American Household’s monthly Utility bills went up MASSIVELY — over 30%! I never want Americans to pay higher Electricity bills becau",-0.0084,-0.0046,-0.0059,-0.0154,0.0042,NEUTRAL,-0.0322,-0.023,-0.0176,-0.0296,0.006,NEUTRAL,-0.038,-0.0328,-0.0285,-0.0425,0.0073,NEUTRAL,-0.0425,-0.0166,-0.0084,-0.0005,0.0095,NEUTRAL,0.0124,0.014,0.0043,0.0038,0.0134,NEUTRAL,-0.1337,-0.1231,-0.1012,-0.1419,0.0164,NEUTRAL,-0.1481,-0.1429,-0.1217,-0.1582,0.0194,NEUTRAL,-0.0762,,-0.015,
116442276577696798,2026-04-21,AAPL,Apple,positive,SPY QQQ DIA,XLK,MSFT NVDA AMD AVGO,0,"I have always been a big fan of Tim Cook, and likewise, Steve Jobs, but if Steve was not taken from the Planet Earth so young, and ran the company instead of Tim, the company would have done well, but",-0.0196,-0.0107,-0.0176,-0.0278,0.0069,NEUTRAL,0.0062,0.0039,-0.0138,-0.038,0.0098,NEUTRAL,0.0071,0.0093,0.0017,-0.0132,0.012,NEUTRAL,-0.0143,-0.0211,-0.0503,-0.0737,0.0154,NEUTRAL,0.0196,0.0086,-0.0259,0.0061,0.0218,NEUTRAL,0.079,0.0321,-0.0686,-0.0001,0.0268,NEUTRAL,0.1022,0.0659,-0.0155,0.0419,0.0317,NEUTRAL,-0.003,,-0.0199,
116490320065457761,2026-04-29,INTC,Intel,positive,SPY QQQ,SMH,NVDA AMD TSM AVGO,0,Intel Stock continues to rise. I’m very proud of that Company in that I am responsible for making the United States of America over 30 Billion Dollars in the last 90 days on that stock alone. There ar,-0.0117,-0.0163,-0.0157,-0.0118,0.0304,NEUTRAL,0.0421,0.0312,0.0319,0.0353,0.043,NEUTRAL,0.0019,-0.0061,-0.0022,0.0004,0.0526,NEUTRAL,0.1821,0.1458,0.0929,0.1429,0.068,UP,0.2583,0.2018,0.124,0.2179,0.0961,UP,0.2444,0.1898,0.1256,0.2073,0.1177,UP,0.1996,0.1155,0.0129,0.136,0.1393,NEUTRAL,-0.0312,,-0.0259,
116490493540315586,2026-04-29,AMZN,Amazon,neutral,SPY QQQ DIA,XLY,TSLA HD MCD NKE,0,"Robert Hardman has written an amazing book about the incredible life of the beloved and deeply respected Queen Elizabeth II. In his research, Robert discovers many interesting things about the Queen, ",-0.0297,-0.0366,-0.0284,-0.0451,0.0086,NEUTRAL,-0.018,-0.0279,-0.0191,-0.024,0.0122,NEUTRAL,-0.0041,-0.0085,0.0025,0.0183,0.015,NEUTRAL,0.0067,-0.023,-0.0049,0.0078,0.0193,NEUTRAL,-0.0111,-0.053,-0.013,0.0343,0.0273,NEUTRAL,-0.0299,-0.0727,-0.0251,-0.0133,0.0335,NEUTRAL,-0.0093,-0.079,-0.0293,-0.0256,0.0396,NEUTRAL,0.0714,,-0.0174,
116565066757116256,2026-05-13,NVDA,NVIDIA,positive,SPY QQQ DIA,XLK SMH,AAPL MSFT AMD AVGO INTC TSM,0,"CNBC incorrectly reported that the Great Jensen Huang, of Nvidia, was not invited to the incredible gathering of the World's Greatest Businessmen/women proudly going to China. In actuality, Jensen is ",0.004,-0.0006,0.0046,0.0009,0.0117,NEUTRAL,0.0481,0.0359,0.0361,0.0323,0.0165,UP,0.0017,0.0022,0.0181,-0.0172,0.0202,NEUTRAL,-0.0192,-0.0118,0.0165,-0.0064,0.0261,NEUTRAL,-0.0548,-0.0768,-0.0957,-0.0972,0.0369,NEUTRAL,-0.0453,-0.0768,-0.1565,-0.1246,0.0452,NEUTRAL,-0.0881,-0.1002,-0.1378,-0.0769,0.0534,NEUTRAL,0.0702,,0.0034,
116565066757116256,2026-05-13,AAPL,Apple,positive,SPY QQQ DIA,XLK,MSFT NVDA AMD AVGO,0,"CNBC incorrectly reported that the Great Jensen Huang, of Nvidia, was not invited to the incredible gathering of the World's Greatest Businessmen/women proudly going to China. In actuality, Jensen is ",0.0183,0.0137,0.0207,0.0151,0.008,UP,0.016,0.0039,0.0035,-0.0157,0.0113,NEUTRAL,0.0229,0.0234,0.0286,0.0108,0.0138,NEUTRAL,0.0186,0.026,0.0414,0.0339,0.0179,UP,0.0591,0.0372,0.0187,0.039,0.0252,NEUTRAL,0.0571,0.0256,-0.0499,-0.0502,0.0309,NEUTRAL,0.0073,-0.0048,-0.0263,0.0585,0.0366,NEUTRAL,-0.0366,,-0.0008,
116678321217174312,2026-06-02,INTC,Intel,neutral,SPY QQQ,SMH,NVDA AMD TSM AVGO,0,"Ex-intel official reported Hunter Biden laptop letter was ‘deception operation,’ DOJ asked to probe: https://justthenews.com/accountability/political-ethics/ex-obama-intel-official-referred-hunter-bid",0.0045,0.0003,-0.0159,0.0049,0.0281,NEUTRAL,0.049,0.0496,0.0194,0.0631,0.0397,NEUTRAL,0.0403,0.0415,0.0275,0.0536,0.0486,NEUTRAL,0.0262,0.0557,0.0608,0.0823,0.0628,NEUTRAL,0.1899,0.1903,0.1456,0.2197,0.0888,NEUTRAL,0.2311,0.2642,0.2271,0.2939,0.1088,NEUTRAL,0.1821,0.1994,0.1807,0.2414,0.1287,NEUTRAL,0.012,,-0.0627,
116700110138790417,2026-06-05,AMZN,Amazon,positive,SPY QQQ DIA,XLY,TSLA HD MCD NKE,0,"Eric Metaxas, a great guy, has written an incredible new book, “Revolution: The Birth of the Greatest Nation in the History of the World.” As we celebrate our Nation’s 250th Birthday, Eric honors the ",-0.0059,-0.002,-0.0113,-0.0092,0.0085,NEUTRAL,-0.0101,-0.0017,-0.0197,-0.036,0.012,NEUTRAL,-0.0352,-0.0091,-0.024,-0.0536,0.0147,NEUTRAL,-0.033,-0.0354,-0.0489,-0.0674,0.019,NEUTRAL,-0.0563,-0.0724,-0.0598,-0.0688,0.0268,NEUTRAL,-0.0265,-0.0376,-0.049,-0.0277,0.0328,NEUTRAL,,,,,0.0388,NA,-0.0174,,-0.0049,
116769129718272146,2026-06-18,AMZN,Amazon,positive,SPY QQQ DIA,XLY,TSLA HD MCD NKE,0,"Tyrus became famous for saying, long before November 5th, 2024, ""Why we are talking about the 2024 Presidential Election? It's OVER. TRUMP is going to win, and everyone knows it. It's a waste of time ",0.0178,0.0186,0.0134,0.0109,0.0098,UP,-0.0305,-0.0289,-0.0178,-0.0091,0.0139,NEUTRAL,-0.025,-0.0073,-0.0022,0.018,0.017,NEUTRAL,-0.0546,-0.0401,-0.0282,0.0091,0.022,NEUTRAL,0.0106,0.0166,0.0046,0.0201,0.0311,NEUTRAL,,,,,0.0381,NA,,,,,0.0451,NA,-0.018,,0.0016,
116769225357410422,2026-06-18,INTC,Intel,negative,SPY QQQ,SMH,NVDA AMD TSM AVGO,0,"The Technology the World relies on was invented in America. We all remember ""Intel Inside."" Stupid Presidents took our Economy for granted, and let Taiwan and others steal our Semiconductor Factories.",0.0165,0.0149,-0.0009,0.003,0.0275,NEUTRAL,0.0693,0.0705,0.0379,0.0472,0.039,NEUTRAL,0.0036,0.0285,0.0444,0.0322,0.0477,NEUTRAL,0.008,0.0306,0.026,0.0404,0.0616,NEUTRAL,-0.0869,-0.0688,-0.0002,-0.0439,0.0871,NEUTRAL,,,,,0.1067,NA,,,,,0.1262,NA,0.1445,,0.0041,
116769225357410422,2026-06-18,NVDA,NVIDIA,negative,SPY QQQ DIA,XLK SMH,AAPL MSFT AMD AVGO INTC TSM,0,"The Technology the World relies on was invented in America. We all remember ""Intel Inside."" Stupid Presidents took our Economy for granted, and let Taiwan and others steal our Semiconductor Factories.",0.0162,0.017,0.0048,0.0086,0.0136,NEUTRAL,0.0064,0.008,-0.0145,-0.0106,0.0192,NEUTRAL,-0.0352,-0.0174,0.0011,-0.0236,0.0235,NEUTRAL,-0.0559,-0.0414,-0.0321,-0.0184,0.0303,NEUTRAL,-0.0603,-0.0543,0.0083,-0.042,0.0429,NEUTRAL,,,,,0.0525,NA,,,,,0.0621,NA,-0.1321,,-0.0353,
116769225357410422,2026-06-18,AAPL,Apple,negative,SPY QQQ DIA,XLK,MSFT NVDA AMD AVGO,0,"The Technology the World relies on was invented in America. We all remember ""Intel Inside."" Stupid Presidents took our Economy for granted, and let Taiwan and others steal our Semiconductor Factories.",-0.0003,0.0004,-0.0057,-0.0079,0.0077,NEUTRAL,-0.0037,-0.002,-0.014,0.007,0.0109,NEUTRAL,-0.0128,0.005,0.0188,0.0158,0.0133,NEUTRAL,-0.077,-0.0625,-0.0475,-0.016,0.0172,NEUTRAL,0.0353,0.0413,0.0858,0.0784,0.0243,NEUTRAL,,,,,0.0297,NA,,,,,0.0352,NA,-0.0757,,-0.0127,
