post_date,hour_utc,phase,weekend_flag,market_closed,intensity,scenario,n_instruments,is_targeted_action,has_action_verbs,execution_window,summary,macro_link,label_eod,hit_30m,hit_1h,hit_1mo,split
2025-01-01,21.03,afterhours,0,1,8,Trade Policy,4,0,0,Noise_Zone,Tariffs created wealth for the US,Tariffs impact trade balances,1,,,0,train
2025-01-06,14.25,regular,0,0,8,Trade Policy,3,0,0,Regular_Hours,Tariff policy won't be pared back,Trade tensions affect markets,1,,,0,train
2025-01-07,19.05,regular,0,0,6,Trade Policy,4,0,0,Regular_Hours,Author supports Trump's tariffs,Tariffs impact trade and economy,0,1,1,0,train
2025-01-15,17.02,regular,0,0,9,Geopolitics / Peace,2,0,0,Regular_Hours,Hostages in Middle East to be released,Reduced conflict risk,0,1,1,1,train
2025-01-16,19.97,regular,0,0,8,Geopolitics / Trade,4,0,1,Regular_Hours,New Under Secretary for Trade appointed,Trade policy affects agriculture exports,1,1,1,1,train
2025-01-18,1.17,weekend,1,1,8,Geopolitics / Defense,2,0,1,Monday_Open_Shock,New Under Secretary of Air Force announced,Defense policy shift,1,,,0,train
2025-01-23,14.38,regular,0,0,6,Energy Policy,4,0,0,Regular_Hours,Congressman stops windmill project off New Jersey coast,Reduced renewable energy investment,0,,,1,train
2025-01-26,18.47,weekend,1,1,10,Geopolitics / Trade War,5,0,1,Monday_Open_Shock,US imposes tariffs and sanctions on Colombia,"Trade war hurts Colombian economy, affects US imports",1,,,0,train
2025-02-01,15.72,weekend,1,1,8,Geopolitics / Immigration,3,1,0,Monday_Open_Shock,Venezuela agreed to take back its citizens and criminals,Immigration policy affects labor market and trade,1,,,0,train
2025-02-02,13.15,weekend,1,1,9,Trade War,4,1,0,Monday_Open_Shock,US to stop being ripped off by other countries,Protectionism and tariffs to reduce trade deficits,0,,,1,train
2025-02-03,15.68,regular,0,0,9,Geopolitics / Trade,4,1,1,Regular_Hours,"Mexico to send soldiers to US border, tariffs paused","Reduced trade tensions, potential border security cooperation",0,0,1,1,train
2025-02-03,23.67,afterhours,0,1,6,Geopolitics / Peace,1,1,1,Noise_Zone,New Pentagon spokesman announced,Defense sector may see increased stability,0,,,0,train
2025-02-11,16.85,regular,0,0,8,Law and Order,2,1,1,Regular_Hours,New DEA admin announced,Tougher law enforcement,1,1,0,1,train
2025-02-12,16.88,regular,0,0,8,Geopolitics / Peace,4,1,1,Regular_Hours,US and Russia to work together to end Ukraine war,Reduced conflict lowers oil prices and boosts stocks,-1,1,1,0,train
2025-02-13,11.87,premarket,0,1,8,Geopolitics / Peace,2,1,0,Noise_Zone,Talks with Russia and Ukraine may end the war,Reduced conflict lowers defense spending,-1,,,0,train
2025-02-14,3.33,premarket,0,1,8,Trade Policy,4,0,0,Noise_Zone,White House announces reciprocal trade and tariffs,Trade barriers impact exports and imports,0,,,1,train
2025-02-14,20.6,afterhours,0,1,9,Trade War,4,1,0,Monday_Open_Shock,"Trump orders tariffs on EU, India, Japan",Trade war hurts global trade,0,,,1,train
2025-02-16,19.22,weekend,1,1,8,Geopolitics / Trade,3,0,0,Monday_Open_Shock,Nominee for EXIM Bank CEO aims to boost US energy and manufacturing,US trade policy and export growth,1,,,1,train
2025-02-20,0.67,premarket,0,1,6,Geopolitics / Peace,1,1,0,Noise_Zone,Elon Musk supports President's Ukraine stance,Reduced conflict lowers defense spending,-1,,,0,train
2025-02-20,23.15,afterhours,0,1,8,Immigration Policy,2,0,0,Noise_Zone,Thanks Republicans for funding border security,"Tighter borders impact labor, trade",0,,,1,train
2025-02-22,0.5,weekend,1,1,8,Geopolitics / Leadership,3,0,1,Monday_Open_Shock,New Chairman of Joint Chiefs nominated,US military leadership change,1,,,1,train
2025-02-24,19.85,regular,0,0,8,Geopolitics / War,2,1,0,Regular_Hours,US helping Ukraine heavily,Increased aid boosts defense sector,1,1,1,1,train
2025-02-25,23.08,afterhours,0,1,8,Trade Policy,4,0,0,Noise_Zone,US to study copper imports and potentially impose tariffs,Tariffs can boost domestic production,0,,,1,train
2025-02-26,19.47,regular,0,0,8,Economy / Inflation,3,0,0,Regular_Hours,"Border crossings down, energy unleashed, fighting high prices","Lower energy prices, reduced inflation",0,1,1,0,train
2025-02-27,13.77,regular,0,0,9,Trade War,4,1,0,Regular_Hours,US to impose tariffs on China and others due to drug issues,"Tariffs can reduce trade, impacting economies",0,,,0,train
2025-03-01,18.37,weekend,1,1,9,Immigration Policy,3,1,0,Monday_Open_Shock,Lowest number of illegal immigrants in February,Tighter border control affects labor market,1,,,1,train
2025-03-03,16.63,regular,0,0,8,Geopolitics / Conflict,4,1,0,Regular_Hours,Zelenskyy's statement may harm peace talks,Escalation hurts global trade,1,0,0,1,train
2025-03-04,15.22,regular,0,0,8,Trade Policy,3,0,0,Regular_Hours,No tariffs if companies move to US,Tariff removal boosts US economy,1,1,1,1,train
2025-03-05,18.17,regular,0,0,8,Geopolitics / Trade,2,1,0,Regular_Hours,US blames Canada's border policies for fentanyl and illegal aliens,Trade tensions may rise,0,0,1,0,train
2025-03-06,15.8,regular,0,0,6,Geopolitics / Trade,2,1,0,Regular_Hours,Trudeau using tariffs to run for PM,Trade tensions impact markets,0,0,1,1,train
2025-03-07,14.97,regular,0,0,8,Trade War,4,0,0,Regular_Hours,UAW head says tariffs are necessary,Tariffs impact trade balances,1,1,1,1,train
2025-03-08,2.73,weekend,1,1,8,Geopolitics / Peace,2,1,0,Monday_Open_Shock,"US shifting to realism, seeking peace in Ukraine",Reduced conflict lowers defense spending,0,,,0,train
2025-03-11,14.25,regular,0,0,10,Trade War,5,1,1,Regular_Hours,US to impose 50% tariff on Canadian steel and aluminum,"Trade tensions escalate, affecting metal and auto industries",0,1,1,1,train
2025-03-13,11.97,premarket,0,1,9,Trade War,4,1,1,Noise_Zone,US threatens EU with tariffs on wine,Trade war escalation hurts EU exports,0,0,0,1,train
2025-03-14,13.55,regular,0,0,8,Geopolitics / Peace,3,1,0,Regular_Hours,"Leader hopes for end to war, urges Putin to spare troops",War outcome affects global markets,-1,1,1,0,train
2025-03-15,17.03,weekend,1,1,6,Geopolitics / Peace,2,1,0,Monday_Open_Shock,Trump denies report of 9-hour wait to meet Putin,Perception of US-Russia relations affects defense sector,0,,,0,train
2025-03-17,14.22,regular,0,0,6,Immigration Policy,2,1,0,Regular_Hours,"Trump's policies worked, Biden didn't continue them","Border control affects labor market, trade",1,1,1,1,train
2025-03-17,22.77,afterhours,0,1,9,Energy Policy,3,1,1,Noise_Zone,US to start using coal energy again,Increased coal use may boost energy production,1,1,1,1,train
2025-03-19,2.37,premarket,0,1,6,Geopolitics / Peace,3,0,0,Noise_Zone,US and UAE strengthen ties,Improved relations boost trade,1,0,1,0,train
2025-03-19,17.75,regular,0,0,8,Energy Policy,3,0,0,Regular_Hours,Trump admin supports nuclear energy,Nuclear energy boost could impact oil prices,0,1,1,0,train
2025-03-19,20.43,afterhours,0,1,6,Geopolitics / Peace,1,0,0,Noise_Zone,Trump would've prevented war,US foreign policy affects global stability,-1,,,0,train
2025-03-20,15.23,regular,0,0,8,Immigration Policy,3,0,0,Regular_Hours,Border arrests increased under new policy,Tighter border control affects labor market,0,0,1,1,train
2025-03-24,10.35,premarket,0,1,8,Immigration Policy,2,0,1,Monday_Open_Shock,US enforcing immigration laws,Border security affects labor market,0,0,0,1,train
2025-03-26,23.55,afterhours,0,1,8,Geopolitics / Peace,3,1,0,Noise_Zone,Trump endorses Senator Bill Hagerty,"Economic growth, military spending",0,0,0,1,train
2025-03-26,23.82,afterhours,0,1,8,Politics / Endorsement,3,0,0,Noise_Zone,Senator endorsed for re-election,Pro-business policies may boost economy,0,0,0,0,train
2025-03-27,18.2,regular,0,0,8,US Politics,3,0,0,Regular_Hours,Trump asks Elise Stefanik to stay in Congress,"Tax cuts, jobs, economic growth",0,0,0,1,train
2025-03-29,16.83,weekend,1,1,8,US Politics / Election,3,0,0,Monday_Open_Shock,Jimmy Patronis endorsed for Congress,"Tax cuts, energy dominance",0,1,1,1,train
2025-03-31,18.25,regular,0,0,9,Geopolitics / Conflict,3,1,0,Regular_Hours,US is attacking Houthi terrorists,Conflict affects oil shipping,0,0,0,0,train
2025-04-01,0.05,premarket,0,1,8,Geopolitics / Trade,3,1,0,Noise_Zone,Trump imposes tariff on Venezuelan oil buyers,Trade tensions impact energy market,0,0,1,0,train
2025-04-01,13.93,regular,0,0,8,US Politics / Election,3,0,0,Regular_Hours,Jimmy Patronis endorsed for Congress,"Economic growth, tax cuts, energy dominance",1,0,1,1,train
2025-04-02,21.67,afterhours,0,1,8,Fiscal Policy,4,0,1,Noise_Zone,Lawmakers to pass big bill with tax cuts and spending cuts,Fiscal policy affects economy and markets,0,0,0,0,train
2025-04-04,17.57,regular,0,0,8,Geopolitics / Trade,3,1,1,Regular_Hours,US working on deal to save TikTok,Trade tensions with China,1,1,1,1,train
2025-04-07,10.82,premarket,0,1,8,Trade War,4,1,0,Monday_Open_Shock,"US is benefiting from tariffs, China is hurting",Tariffs impact trade balances and inflation,-1,1,1,1,train
2025-04-07,14.53,regular,0,0,8,Economic Policy,3,0,0,Regular_Hours,"Trump won't back down, rates and oil prices falling",Lower rates and oil prices boost economy,-1,0,0,1,train
2025-04-09,11.73,premarket,0,1,8,Business Investment,3,1,0,Noise_Zone,US is a great place to move a company,Increased business investment boosts economy,1,1,1,1,train
2025-04-09,17.3,regular,0,0,10,Trade War,4,1,1,Regular_Hours,US raises tariff on China to 125%,Trade war escalation affects global markets,0,1,1,0,train
2025-04-11,13.58,regular,0,0,8,Geopolitics / Peace,2,1,0,Regular_Hours,War in Ukraine is senseless,Conflict affects global markets,0,0,1,0,train
2025-04-14,1.22,premarket,0,1,8,Geopolitics / Peace,2,1,1,Monday_Open_Shock,Trump claims 60 Minutes defamed him,Election disputes affect market sentiment,0,1,1,0,train
2025-04-15,14.77,regular,0,0,8,Trade War,4,1,0,Regular_Hours,"China reneged on trade deal, hurting US farmers",Trade tensions impact agriculture and aerospace exports,0,1,0,1,train
2025-04-16,11.43,premarket,0,1,8,Immigration,2,0,0,Noise_Zone,Biden's open border policy lets criminals in,Border policy affects labor market and crime rates,1,0,1,0,train
2025-04-17,10.2,premarket,0,1,8,Monetary Policy,3,0,0,Noise_Zone,Author criticizes Fed's Powell for not cutting interest rates,Lower interest rates can boost economy,1,1,1,1,train
2025-04-20,21.18,weekend,1,1,6,Geopolitics / Tension,2,1,0,Monday_Open_Shock,China made a move in the Pacific,Increased tensions affect trade,1,1,1,0,train
2025-04-20,21.22,weekend,1,1,8,Trade War,4,1,0,Monday_Open_Shock,List of non-tariff trade cheating methods,Trade barriers impact exports,1,1,1,0,train
2025-04-22,15.17,regular,0,0,6,Geopolitics / Peace,2,1,0,Regular_Hours,US and Israel agree on issues,Improved relations boost trade,1,1,1,1,train
2025-04-24,13.9,regular,0,0,6,Corporate Governance,2,1,0,Regular_Hours,Trump criticizes FoxNews and WSJ,Media ownership affects market sentiment,-1,1,1,1,train
2025-04-25,18.53,regular,0,0,8,Geopolitics / Peace,3,1,1,Regular_Hours,Ukraine hasn't signed Rare Earths Deal with US,Trade deals impact commodity markets,-1,1,0,1,train
2025-04-26,13.58,weekend,1,1,8,Geopolitics / Conflict,3,1,1,Monday_Open_Shock,"Trump blames Obama, Biden for Ukraine war","Escalation affects defense, energy markets",1,0,0,0,train
2025-04-27,13.1,weekend,1,1,8,Fiscal Policy,3,0,0,Monday_Open_Shock,Tariffs will cut income taxes and create jobs,Tariff revenue funds tax cuts,1,1,1,1,train
2025-04-28,12.6,premarket,0,1,8,Geopolitics / Union,4,1,0,Monday_Open_Shock,Canada should join US as 51st state,Trade and tax policies,1,1,1,1,train
2025-04-28,18.88,regular,0,0,8,Geopolitics / Domestic Policy,2,0,0,Regular_Hours,Congressman endorsed for re-election,Border security and military spending,1,1,1,1,train
2025-04-29,15.15,regular,0,0,8,Trade Deals,3,0,0,Regular_Hours,Trump is negotiating trade deals,Trade deals impact tariffs and exports,1,0,0,1,train
2025-04-30,13.22,premarket,0,1,8,Economic Policy,3,0,0,Noise_Zone,Biden's policies will boost the US economy,Tariffs and relocation of companies to the US,1,,,1,train
2025-05-02,3.6,premarket,0,1,8,US Politics,3,1,0,Noise_Zone,Trump criticizes Democrats for impeachment attempts,Polarized politics affects market sentiment,0,0,0,0,train
2025-05-04,23.3,weekend,1,1,9,Trade War,4,0,1,Monday_Open_Shock,US to impose 100% tariff on foreign-made movies,Protectionism to boost US film industry,0,0,0,0,train
2025-05-05,22.82,afterhours,0,1,8,Geopolitics / Nationalism,2,0,1,Noise_Zone,US to declare new national holidays for WWI and WWII victories,Increased nationalism may lead to protectionism and defense spending,1,,,1,train
2025-05-07,0.07,premarket,0,1,8,Domestic Politics,3,0,0,Noise_Zone,Congressman endorsed for re-election,Economic policies may influence markets,0,0,0,1,train
2025-05-08,0.93,premarket,0,1,8,Trade Deal,3,0,0,Noise_Zone,Big trade deal with a respected country announced,Increased trade boosts economy,0,0,0,1,train
2025-05-08,20.63,afterhours,0,1,8,Geopolitics / Peace,4,1,1,Noise_Zone,US calls for 30-day ceasefire in Russia/Ukraine,"Reduced conflict lowers oil prices, boosts stocks",-1,1,1,0,train
2025-05-08,22.02,afterhours,0,1,8,Geopolitics / Peace,2,0,0,Noise_Zone,Congressman endorsed for re-election,Increased military spending,0,0,0,1,train
2025-05-08,22.03,afterhours,0,1,8,Geopolitics / Peace,2,0,0,Noise_Zone,Congressman endorsed for strong military,Strong military spending boosts defense sector,0,0,0,1,train
2025-05-08,22.05,afterhours,0,1,8,Domestic Politics,3,0,0,Noise_Zone,Congressman Tom Kean endorsed for NJ district,"Pro-business, tax cut policies may boost economy",0,0,0,1,train
2025-05-09,12.72,premarket,0,1,8,Trade Deals,2,0,0,Noise_Zone,New trade deals are coming,Increased trade boosts economy,1,,,1,train
2025-05-09,21.68,afterhours,0,1,8,Domestic Politics,3,0,0,Monday_Open_Shock,Congressman Riley Moore endorsed for re-election,Pro-business policies may boost economy,1,0,0,1,train
2025-05-10,11.92,weekend,1,1,9,Geopolitics / Peace,2,1,1,Monday_Open_Shock,India and Pakistan agree to ceasefire,Reduced conflict lowers global risk,-1,1,1,1,train
2025-05-11,16.27,weekend,1,1,8,Geopolitics / Peace,4,1,1,Monday_Open_Shock,Ukraine should meet with Putin to negotiate a ceasefire,"Reduced conflict lowers oil prices, boosts stocks",-1,1,1,1,train
2025-05-12,17.07,regular,0,0,8,Geopolitics / Domestic Policy,3,0,1,Regular_Hours,Republicans must unify behind a new bill,Policy changes impact economy,1,1,1,1,train
2025-05-15,11.88,premarket,0,1,8,Immigration Policy,2,0,0,Noise_Zone,Birthright citizenship is being challenged,Immigration policy affects labor market and economy,0,,,1,train
2025-05-16,15.03,regular,0,0,8,Domestic Politics,2,0,0,Regular_Hours,Trump endorses Senator Shelley Moore Capito,Energy and border policies impact economy,0,0,0,1,train
2025-05-17,14.45,weekend,1,1,8,Trade Policy,3,1,0,Monday_Open_Shock,"Walmart should absorb tariffs, not raise prices",Tariff impact on consumer prices,0,1,1,1,train
2025-05-21,22.43,afterhours,0,1,6,Geopolitics / Defense,1,0,0,Noise_Zone,Excitement about missile defense,Defense spending boost,0,,,1,train
2025-05-23,9.98,premarket,0,1,8,Energy Policy,3,0,0,Noise_Zone,"UK should stop windmills, drill in North Sea",Energy policy affects oil prices,1,1,1,1,train
2025-05-23,19.42,regular,0,0,9,Economic Policy,4,0,1,Regular_Hours,"US Steel to stay in US, create 70,000 jobs","Investment, jobs boost economy",1,0,0,0,train
2025-05-25,22.25,weekend,1,1,9,Trade Policy,3,0,0,Monday_Open_Shock,"EU tariff deadline extended to July 9, 2025",Reduced trade tensions,0,,,0,train
2025-05-26,11.1,premarket,0,1,8,Immigration / Law and Order,2,0,0,Monday_Open_Shock,Author criticizes open borders and judges,Border policy affects labor market and economy,1,,,1,train
2025-05-27,13.42,premarket,0,1,8,Trade Policy,3,1,0,Noise_Zone,"US imposed 50% tariff on EU, EU wants to meet","Tariffs impact trade, meeting may ease tensions",1,1,1,0,train
2025-05-27,22.03,afterhours,0,1,8,Geopolitics / Domestic Policy,2,1,1,Noise_Zone,Author claims to have restored fishing rights in Maine,US fishing industry and trade policy,0,0,0,1,train
2025-05-30,23.27,afterhours,0,1,9,Trade War,4,0,0,Monday_Open_Shock,Tariffs on steel and aluminum increased to 50%,"Higher tariffs hurt imports, help domestic producers",0,0,0,1,train
2025-06-02,16.4,regular,0,0,8,Geopolitics / Security,3,0,0,Regular_Hours,US will secure borders and prosecute terrorism,Border security affects immigration and trade,1,1,0,1,train
2025-06-02,23.42,afterhours,0,1,8,Trade War,4,0,0,Noise_Zone,US must counter tariffs to survive,Trade war escalation hurts economy,0,0,0,0,train
2025-06-04,16.67,regular,0,0,8,Geopolitics / Conflict,3,1,0,Regular_Hours,US and Russia discussed Ukraine and Iran conflicts,Escalating tensions affect defense and energy markets,1,1,1,0,train
2025-06-05,15.53,regular,0,0,8,Fiscal Policy,3,0,1,Regular_Hours,CBO says tariffs will reduce deficit by $2.8 trillion,Tariffs increase gov revenue,1,1,1,1,train
2025-06-06,12.97,premarket,0,1,8,Economic Growth,3,0,0,Noise_Zone,US economy is improving,Stronger economy boosts markets,1,1,1,1,train
2025-06-06,18.48,regular,0,0,6,Economic Policy,3,1,0,Regular_Hours,Trump plans to build a ballroom at the White House,Infrastructure spending,1,0,1,1,train
2025-06-08,21.1,weekend,1,1,9,Geopolitics / Domestic Security,2,0,1,Monday_Open_Shock,LA invaded by illegals and criminals,Increased defense and security spending,0,0,0,0,train
2025-06-11,0.37,premarket,0,1,8,Geopolitics / Law and Order,3,0,0,Noise_Zone,Author vows to stop lawlessness in US,Border security and immigration policy,1,0,1,1,train
2025-06-12,13.03,premarket,0,1,8,Trade Deal,3,1,0,Noise_Zone,China deal is great,Trade deal boosts economy,0,0,0,1,train
2025-06-12,21.15,afterhours,0,1,8,Geopolitics / Peace,2,1,1,Noise_Zone,US seeks diplomatic resolution with Iran,Reduced conflict risk,-1,1,1,1,train
2025-06-13,11.57,premarket,0,1,8,Geopolitics / Peace,2,1,0,Noise_Zone,Iran given ultimatum to make a deal,Trade deal impacts oil prices,-1,1,0,1,train
2025-06-15,13.68,weekend,1,1,8,Geopolitics / Peace,3,1,0,Monday_Open_Shock,Author claims they can broker peace between Iran and Israel,Reduced conflict boosts trade and stability,1,1,1,1,train
2025-06-16,22.5,afterhours,0,1,8,Geopolitics / Conflict,3,1,1,Noise_Zone,Iran should not have nuclear weapons,Conflict escalation affects oil prices,1,1,1,0,train
2025-06-17,5.25,premarket,0,1,8,Geopolitics / Conflict,3,1,0,Noise_Zone,Macron wrongly said Trump left G7 for Israel-Iran ceasefire,Geopolitical tensions affect global markets,1,0,1,1,train
2025-06-17,14.12,regular,0,0,8,Immigration Policy,2,0,0,Regular_Hours,ICE will keep enforcing border security,Tighter border control affects labor market,1,0,0,1,train
2025-06-18,21.22,afterhours,0,1,8,Immigration Policy,2,0,0,Noise_Zone,US Border Patrol reports low release numbers,Tighter border control may reduce labor supply,1,,,0,train
2025-06-19,20.15,afterhours,0,1,6,Geopolitics / Security,1,0,0,Noise_Zone,Border Patrol union supports Trump's border security bill,Increased border security spending,1,1,1,1,train
2025-06-20,21.97,afterhours,0,1,9,Geopolitics / Peace,3,1,1,Monday_Open_Shock,Treaty between Congo and Rwanda to end war,Reduced conflict boosts global stability,1,1,1,1,train
2025-06-21,19.35,weekend,1,1,8,Energy Policy,2,1,0,Monday_Open_Shock,Author opposes green tax credits,Subsidy removal impacts renewables,1,0,0,0,train
2025-06-22,0.22,weekend,1,1,9,Geopolitics / War,3,1,0,Monday_Open_Shock,US had a successful military operation in Iran,Conflict escalation affects oil prices and defense stocks,0,0,0,0,train
2025-06-22,20.75,weekend,1,1,8,Geopolitics / Conflict,3,1,0,Monday_Open_Shock,Iran's nuclear sites were heavily damaged,Conflict escalation affects oil prices,0,0,0,0,train
2025-06-23,13.58,regular,0,0,8,Geopolitics / Energy,1,0,0,Regular_Hours,Keep oil prices down,Lower oil prices hurt enemy's revenue,-1,1,1,1,train
2025-06-23,19.87,regular,0,0,8,Geopolitics / Peace,3,1,0,Regular_Hours,Iran responded weakly to US attack,Reduced conflict lowers oil prices,-1,1,1,1,train
2025-06-23,22.03,afterhours,0,1,9,Geopolitics / Peace,4,1,0,Noise_Zone,Israel and Iran agree to a ceasefire,Reduced conflict lowers oil prices and boosts stocks,-1,1,1,1,train
2025-06-24,5.13,premarket,0,1,9,Geopolitics / Peace,2,0,0,Noise_Zone,Ceasefire is in effect,Reduced conflict lowers uncertainty,-1,0,1,1,train
2025-06-24,13.23,premarket,0,1,8,Geopolitics / Trade,2,1,0,Noise_Zone,China can buy oil from Iran and US,Trade deals impact oil prices,0,1,1,0,train
2025-06-24,15.28,regular,0,0,8,Geopolitics / Peace,3,1,0,Regular_Hours,Leader claims to have stopped war and destroyed nuclear facilities,Reduced conflict lowers oil prices and defense spending,-1,0,1,1,train
2025-06-25,1.5,premarket,0,1,8,Geopolitics / War,3,1,0,Noise_Zone,Iran's nuclear sites are destroyed,Conflict escalation affects oil prices,1,1,1,0,train
2025-06-25,12.5,premarket,0,1,8,Geopolitics / Conflict,3,1,0,Noise_Zone,US praises military strike in Iran,Increased tensions may raise oil prices,1,1,1,0,train
2025-06-25,16.9,regular,0,0,6,Geopolitics / Peace,1,0,0,Regular_Hours,Trump seeks peace,Peace reduces defense spending,-1,1,1,0,train
2025-06-25,21.22,afterhours,0,1,6,Geopolitics / Conflict,2,0,0,Noise_Zone,Defense secretary to hold news conference to defend US pilots,Geopolitical tensions can impact defense sector,0,1,1,1,train
2025-06-26,13.35,premarket,0,1,8,Geopolitics / Peace,3,0,0,Noise_Zone,NATO Summit was unified and productive,Increased cooperation boosts global stability,-1,,,1,train
2025-06-26,21.82,afterhours,0,1,8,Immigration,3,0,0,Noise_Zone,New border legislation is coming to Congress,"Tighter borders impact labor, trade",1,1,1,1,train
2025-06-28,2.7,weekend,1,1,6,Geopolitics / Disinformation,2,1,0,Monday_Open_Shock,Trump denies report of giving Iran $30B,Geopolitics affects oil prices,1,1,1,1,train
2025-06-28,22.95,weekend,1,1,8,Geopolitics / Peace,2,1,0,Monday_Open_Shock,"US supports Israel's Netanyahu, opposes his prosecution",US-Israel relations impact Middle East stability,0,0,1,0,train
2025-06-29,4.42,weekend,1,1,8,Domestic Politics,3,0,0,Monday_Open_Shock,President praises Senate bill passage,Fiscal policy changes,1,1,1,1,train
2025-06-29,17.48,weekend,1,1,8,Immigration,3,0,0,Monday_Open_Shock,Biden let in 21 million people,"Labor market, border security",1,1,1,1,train
2025-06-30,22.13,afterhours,0,1,8,Trade Policy,3,0,0,Noise_Zone,US tariff revenue mentioned,Tariff revenue impacts trade balance,1,,,1,train
2025-07-01,18.5,regular,0,0,8,Law and Order,3,0,0,Regular_Hours,Renovate Alcatraz prison,Immigration policy impacts labor market,0,1,0,1,train
2025-07-02,12.62,premarket,0,1,8,Geopolitics / Peace,1,0,0,Noise_Zone,US Air Force and Space Force met 2025 recruiting goals early,Strong military recruitment indicates economic stability,0,,,1,train
2025-07-02,14.42,regular,0,0,8,Trade Deal,2,0,0,Regular_Hours,Made trade deal with Vietnam,Increased trade boosts US exports,0,0,0,0,train
2025-07-02,22.73,afterhours,0,1,8,Immigration Policy,2,0,0,Noise_Zone,US border encounters hit record low,Tighter border control may reduce labor supply,0,0,0,1,train
2025-07-05,20.8,weekend,1,1,8,Geopolitics / Strength,2,0,0,Monday_Open_Shock,US will be strongest country,"Stronger border, economy, military",1,0,1,1,train
2025-07-09,14.5,regular,0,0,8,Geopolitics / Peace,2,0,0,Regular_Hours,Trump's NATO defense deal is a win for America,Increased defense spending,1,1,1,1,train
2025-07-11,14.6,regular,0,0,4,Geopolitics / Military,1,0,0,Regular_Hours,Pete Hegseth discussed modern warfare on FoxNews,Increased military spending,1,1,0,1,train
2025-07-12,18.02,weekend,1,1,8,Fiscal Policy,3,0,0,Monday_Open_Shock,US Treasury posts unexpected surplus,Tariff receipts boost gov revenue,1,1,1,0,train
2025-07-16,13.62,regular,0,0,8,Domestic Politics,2,1,0,Regular_Hours,Author criticizes Democrats and media,Polarization affects policy and markets,0,1,1,0,train
2025-07-18,22.63,afterhours,0,1,8,Domestic Politics,3,0,0,Monday_Open_Shock,Congresswoman endorsed for re-election,"Tax cuts, deregulation, energy dominance",0,1,1,1,train
2025-07-18,22.65,afterhours,0,1,8,Geopolitics / Peace,2,0,0,Monday_Open_Shock,Congressman endorsed for re-election,Strong military and border control,0,0,0,0,train
2025-07-18,22.67,afterhours,0,1,8,Domestic Politics,3,0,0,Monday_Open_Shock,Congressman endorsed for re-election,Policy impact on agriculture and energy,0,0,0,1,train
2025-07-18,22.85,afterhours,0,1,8,Geopolitics / Domestic Politics,2,0,0,Monday_Open_Shock,Lawsuit filed against WSJ and owners,Media and corporate ownership under scrutiny,1,0,0,0,train
2025-07-20,19.52,weekend,1,1,8,Immigration Policy,3,0,1,Monday_Open_Shock,CBP officer shot by illegal alien,Border security affects labor market,0,0,0,0,train
2025-07-21,21.88,afterhours,0,1,2,Geopolitics / Peace,2,0,0,Noise_Zone,Tunica-Biloxi Tribe to nominate Trump for Nobel Peace Prize,Positive geopolitical news,0,0,0,1,train
2025-07-22,17.5,regular,0,0,9,Trade Deal,3,0,0,Regular_Hours,US and Philippines agree on trade deal with zero tariffs,Increased trade boosts economic growth,1,1,1,0,train
2025-07-23,0.53,premarket,0,1,9,Trade Deal,3,1,1,Noise_Zone,Trump signed a large trade deal with Japan,Increased trade boosts economic growth,1,1,1,1,train
2025-07-23,13.6,regular,0,0,8,Trade Policy,3,1,0,Regular_Hours,Tariffs lowered if countries open markets,Trade agreements impact exports,0,0,1,0,train
2025-07-24,23.93,afterhours,0,1,8,Election,4,0,0,Noise_Zone,Trump endorses Mike Rogers for Senate,Pro-business policies may boost economy,1,0,0,0,train
2025-07-25,0.87,premarket,0,1,8,Domestic Politics,3,1,0,Noise_Zone,President claims Democrats are distracting from his achievements,Polarized politics may impact policy and market sentiment,1,0,0,1,train
2025-07-26,16.38,weekend,1,1,8,Geopolitics / Peace,2,0,1,Monday_Open_Shock,US brokers ceasefire between Cambodia and Thailand,Reduced conflict boosts trade and growth,0,0,0,1,train
2025-07-28,21.7,afterhours,0,1,2,Geopolitics / Peace,1,0,0,Noise_Zone,Trump deserves Nobel Peace Prize,Peace reduces defense spending,-1,,,1,train
2025-07-29,14.32,regular,0,0,6,Geopolitics / Conflict,2,1,0,Regular_Hours,Trump takes on tough fights,Conflict risks impact markets,1,1,1,0,train
2025-07-30,19.87,regular,0,0,8,Trade Deals,3,1,0,Regular_Hours,US making trade deals with multiple countries,"Reduced tariffs, increased trade",1,0,0,1,train
2025-07-31,4.48,premarket,0,1,8,Geopolitics / Trade,2,1,1,Noise_Zone,"Canada backs Palestine statehood, impacting US-Canada trade",Trade deal uncertainty,0,,,0,train
2025-07-31,15.05,regular,0,0,8,Geopolitics / Trade,4,1,1,Regular_Hours,US and Mexico extend trade deal for 90 days,Tariffs and trade barriers impact US-Mexico trade,1,0,1,0,train
2025-08-01,14.4,regular,0,0,8,US Politics,4,0,0,Regular_Hours,Trump endorses Michael Whatley for US Senate,Potential policy shifts under new senator,0,0,1,1,train
2025-08-02,11.93,weekend,1,1,6,Immigration,2,0,0,Monday_Open_Shock,Border numbers are down with zero illegal entries,Immigration affects labor market and economy,0,1,1,0,train
2025-08-04,14.83,regular,0,0,9,Geopolitics / Trade,3,1,0,Regular_Hours,US to raise tariffs on India due to Russian oil purchases,Trade war escalation,0,1,1,0,train
2025-08-07,3.73,premarket,0,1,9,Trade War,4,0,0,Noise_Zone,US imposes reciprocal tariffs on other countries,Tariffs impact trade balances and inflation,1,1,1,0,train
2025-08-07,11.58,premarket,0,1,8,Trade War,3,0,0,Noise_Zone,Tariffs flowing into USA at high levels,"Trade war impacts imports, inflation",1,1,1,0,train
2025-08-07,22.72,afterhours,0,1,9,Geopolitics / Peace,4,1,1,Noise_Zone,Trump hosts peace summit with Azerbaijan and Armenia,Reduced conflict increases economic opportunities,0,0,1,1,train
2025-08-08,20.23,afterhours,0,1,8,Geopolitics / Peace,2,1,1,Monday_Open_Shock,President aims to bring peace and stability worldwide,Reduced conflict lowers defense spending,0,0,0,1,train
2025-08-08,23.65,afterhours,0,1,8,Trade Policy,3,0,0,Monday_Open_Shock,Tariffs collected $152 billion,Tariff revenue impacts trade balance,1,1,1,0,train
2025-08-10,15.05,weekend,1,1,8,Law and Order,4,0,1,Monday_Open_Shock,President vows to make capital safer,"Urban renewal, law enforcement",0,1,1,0,train
2025-08-11,12.13,premarket,0,1,8,Trade War,3,0,0,Monday_Open_Shock,Tariffs make US strong,Trade barriers impact imports,1,1,0,1,train
2025-08-12,0.0,premarket,0,1,9,Trade Policy,3,1,1,Noise_Zone,Trump extends China tariff suspension,Tariff relief boosts trade,0,1,1,0,train
2025-08-14,11.03,premarket,0,1,6,Geopolitics / Scandal,2,1,0,Noise_Zone,FBI media mole shaped Russia narrative,Election interference concerns,0,0,0,0,train
2025-08-14,18.47,regular,0,0,6,Social Security,2,0,0,Regular_Hours,60M US seniors rely on Social Security,Social Security impacts consumer spending,0,0,1,0,train
2025-08-17,13.18,weekend,1,1,6,Geopolitics / Peace,2,1,0,Monday_Open_Shock,Author claims to have stopped 6 wars,Reduced conflict can boost markets,-1,1,1,1,train
2025-08-18,1.17,premarket,0,1,6,Geopolitics / Peace,2,1,0,Monday_Open_Shock,War with Russia can end now,Diplomacy affects defense spending,0,,,0,train
2025-08-18,13.73,regular,0,0,6,Geopolitics / Peace,2,1,0,Regular_Hours,Russia surrendering to US and Ukraine would be spun as bad for Trump,Geopolitical tensions easing could impact defense sector,0,,,0,train
2025-08-19,13.4,premarket,0,1,8,Fiscal Policy,3,0,0,Noise_Zone,US keeps high S&P credit rating,Tariffs offset tax cuts,1,1,1,1,train
2025-08-19,20.07,afterhours,0,1,8,US Politics,3,0,0,Noise_Zone,Candidate endorsed for Texas Senate,Pro-business policies may boost economy,1,1,1,1,train
2025-08-19,20.08,afterhours,0,1,8,Elections / Politics,4,0,0,Noise_Zone,Congresswoman endorsed for re-election,Pro-business policies may boost economy,1,1,1,1,train
2025-08-19,20.1,afterhours,0,1,8,Domestic Politics,3,0,0,Noise_Zone,Congressman Ron Estes endorsed for re-election,Pro-business policies may boost economy,1,1,1,1,train
2025-08-20,14.45,regular,0,0,8,Geopolitics / Peace,2,0,0,Regular_Hours,Trump can bring peace between Russia and Ukraine,Reduced conflict lowers defense spending,0,0,0,0,train
2025-08-21,13.58,regular,0,0,8,Geopolitics / War,3,1,0,Regular_Hours,Ukraine can't win without attacking Russia,War impacts global trade and security,0,1,1,0,train
2025-08-22,20.32,afterhours,0,1,8,Trade Policy,3,0,1,Monday_Open_Shock,US to tariff furniture imports,Protectionism boosts domestic industry,0,1,0,0,train
2025-08-26,0.52,premarket,0,1,9,Trade War,4,1,1,Noise_Zone,US will impose tariffs on countries with digital taxes,Trade tensions affect global trade and tech stocks,0,0,0,0,train
2025-09-01,1.7,premarket,0,1,8,Trade Policy,3,1,1,Monday_Open_Shock,Tariffs brought $15T investment to USA,Tariff removal hurts investment,0,,,0,train
2025-09-05,10.23,premarket,0,1,8,Geopolitics / Trade,3,1,0,Noise_Zone,US lost India and Russia to China,Trade alliances shift,0,1,0,1,train
2025-09-06,23.67,weekend,1,1,8,Geopolitics / War,2,0,0,Monday_Open_Shock,Department of War mentioned,War affects defense stocks,0,0,0,1,train
2025-09-09,20.33,afterhours,0,1,8,Geopolitics / Peace,3,1,1,Noise_Zone,Trump condemns Israel's attack on Hamas in Qatar,Conflict escalation affects oil prices and defense sector,1,1,0,0,train
2025-09-10,15.15,regular,0,0,8,Geopolitics / Conflict,3,1,0,Regular_Hours,Russia violating Poland's airspace,Escalation fears,0,0,1,1,train
2025-09-15,0.63,premarket,0,1,8,Immigration / Law Enforcement,4,1,0,Monday_Open_Shock,Promises to crack down on illegal immigrant crime,Tighter border control may reduce labor supply,0,1,1,0,train
2025-09-15,12.25,premarket,0,1,8,Geopolitics / Trade,4,1,0,Monday_Open_Shock,US and China had a successful trade meeting,Improved trade relations boost markets,1,1,0,1,train
2025-09-19,23.47,afterhours,0,1,9,Geopolitics / Conflict,3,0,1,Monday_Open_Shock,US strikes vessel tied to terror group,Increased military action,1,1,1,1,train
2025-09-25,22.85,afterhours,0,1,9,Trade War,4,0,1,Noise_Zone,25% tariff on foreign heavy trucks,protects US truck makers,0,0,1,0,train
2025-09-26,21.23,afterhours,0,1,8,Geopolitics / National Security,2,1,1,Monday_Open_Shock,Trump criticizes Microsoft's hire of Lisa Monaco,National security concerns may impact Microsoft's government contracts,-1,0,0,0,train
2025-09-27,14.32,weekend,1,1,8,Geopolitics / Unrest,3,0,1,Monday_Open_Shock,President directs troops to protect Portland and ICE facilities,Increased domestic unrest and military involvement,0,1,1,0,train
2025-09-30,20.48,afterhours,0,1,8,Healthcare Policy,2,0,0,Noise_Zone,Trump announces deal for lower drug prices,Lower drug prices reduce healthcare costs,0,0,0,1,train
2025-10-03,14.15,regular,0,0,10,Geopolitics / Peace,4,1,1,Regular_Hours,Trump announces potential peace deal in Middle East,"Reduced conflict lowers oil prices, boosts stocks",0,0,0,0,train
2025-10-03,22.3,afterhours,0,1,6,Geopolitics / Peace,2,0,1,Monday_Open_Shock,President to host Navy celebration,Increased military spending and morale,1,1,1,1,train
2025-10-04,20.03,weekend,1,1,8,Geopolitics / Peace,4,1,1,Monday_Open_Shock,"Israel agrees to withdrawal line, ceasefire to start when Hamas confirms","Reduced conflict lowers oil prices, boosts risk appetite",0,0,0,0,train
2025-10-06,11.93,premarket,0,1,8,Trade Policy,3,0,0,Monday_Open_Shock,Tariffs are making the US an economic power,Tariffs impact trade balances and inflation,0,1,1,0,train
2025-10-08,14.95,regular,0,0,8,Geopolitics / Peace,3,0,0,Regular_Hours,Congressman endorsed for re-election,Strong military and energy dominance,0,1,1,0,train
2025-10-09,11.72,premarket,0,1,6,Geopolitics / Peace,2,0,0,Noise_Zone,Ambassador Mike Huckabee brought peace to Middle East,Peace reduces conflict-related costs,0,0,0,0,train
2025-10-10,14.95,regular,0,0,9,Geopolitics / Trade War,4,1,1,Regular_Hours,"China imposes export controls, US may retaliate",Trade war escalation affects global markets,0,1,1,0,train
2025-10-12,15.07,weekend,1,1,8,Geopolitics / Domestic Politics,2,1,0,Monday_Open_Shock,Trump calls Ukraine impeachment a hoax,Political instability affects market sentiment,0,0,1,0,train
2025-10-14,5.58,premarket,0,1,8,Geopolitics / Peace,3,1,0,Noise_Zone,Leader wants Middle East peace,Regional stability boosts trade,-1,1,1,1,train
2025-10-14,23.43,afterhours,0,1,8,US Politics,3,0,0,Noise_Zone,Congressman endorsed for re-election,Economic policy impact,1,1,1,0,train
2025-10-14,23.45,afterhours,0,1,8,Domestic Politics,3,0,0,Noise_Zone,Congressman endorsed for re-election,Pro-business policies,1,1,1,0,train
2025-10-14,23.45,afterhours,0,1,8,Election / Endorsement,3,0,0,Noise_Zone,Congresswoman endorsed for re-election,Pro-business policies may boost economy,1,1,1,0,train
2025-10-14,23.47,afterhours,0,1,8,Election,3,0,0,Noise_Zone, Politician endorses Congressman John Moolenaar,Pro-business policies,1,1,1,0,train
2025-10-17,3.98,premarket,0,1,8,US Politics,2,1,0,Noise_Zone,President claims Blue Slip rule is unfair,Judicial appointments impact policy,0,1,0,0,train
2025-10-22,16.7,regular,0,0,8,Trade Policy,3,1,0,Regular_Hours,Tariffs helped cattle ranchers,Trade barriers impact agriculture,-1,0,0,1,train
2025-10-24,2.65,premarket,0,1,9,Geopolitics / Trade,4,1,1,Noise_Zone,US terminates trade talks with Canada,Trade tensions impact economy,1,1,1,0,train
2025-10-24,11.33,premarket,0,1,8,Trade War,4,1,0,Noise_Zone,"Canada cheated on tariffs, charging US farmers 400%","Trade tensions rise, affecting US-Canada trade",0,1,1,0,train
2025-10-24,23.3,afterhours,0,1,8,Domestic Politics,2,0,0,Monday_Open_Shock,Congressman endorsed for re-election,Economic policy impact,0,0,1,0,train
2025-10-25,4.87,weekend,1,1,8,Domestic Politics,3,0,0,Monday_Open_Shock,Congressman endorsed for re-election,Pro-business policies may boost economy,0,0,0,1,train
2025-10-25,4.87,weekend,1,1,8,Geopolitics / Peace,2,0,0,Monday_Open_Shock,Congressman endorsed for re-election,Strong military and border security,0,0,0,1,train
2025-10-25,4.88,weekend,1,1,8,Election / Endorsement,4,0,0,Monday_Open_Shock,Trump endorses Congressman Brian Babin,Pro-business policies may boost economy,0,1,0,0,train
2025-10-25,12.72,weekend,1,1,8,Geopolitics / Peace,3,0,0,Monday_Open_Shock,Congressman endorsed for re-election,Pro-military and security stance,0,0,0,1,train
2025-10-25,12.73,weekend,1,1,8,Elections / Politics,3,0,0,Monday_Open_Shock,Congressman endorsed for re-election,Pro-business policies may boost economy,0,0,0,1,train
2025-10-25,12.75,weekend,1,1,8,Geopolitics / Peace,3,0,0,Monday_Open_Shock,Congressman endorsed for re-election,Strong military and secure border,0,0,0,1,train
2025-10-25,12.77,weekend,1,1,8,Election / Politics,3,0,0,Monday_Open_Shock,Congressman endorsed for re-election,Pro-business policies may boost economy,0,0,0,1,train
2025-10-25,12.78,weekend,1,1,8,Domestic Politics,3,0,0,Monday_Open_Shock,Congresswoman endorsed for re-election,Pro-business policies may boost economy,0,1,0,1,train
2025-10-25,15.7,weekend,1,1,8,Domestic Politics,3,0,0,Monday_Open_Shock,Congressman endorsed for re-election,"Policy impact on taxes, energy, and agriculture",0,0,0,1,train
2025-10-25,19.9,weekend,1,1,8,Geopolitics / Peace,3,0,0,Monday_Open_Shock,Middle East peace is strong and may be lasting,Reduced conflict lowers oil prices and boosts growth,-1,1,0,1,train
2025-10-27,1.6,premarket,0,1,8,Geopolitics / Peace,2,1,1,Monday_Open_Shock,Signed peace treaty between Thailand and Cambodia,Reduced conflict boosts regional trade,1,1,0,0,train
2025-10-29,21.32,afterhours,0,1,9,Geopolitics / Trade,4,1,0,Noise_Zone,"South Korea to pay $350B, buy US oil and gas",Trade deal boosts US economy,1,0,1,0,train
2025-10-29,22.05,afterhours,0,1,8,Geopolitics / Defense,2,1,0,Noise_Zone,South Korea to build nuclear submarine in US,Increased US shipbuilding,1,,,0,train
2025-10-30,16.68,regular,0,0,8,Geopolitics / Trade,3,0,0,Regular_Hours,President Trump announces billion-dollar deals from Asia trip,Increased trade and investment boost economic growth,0,0,0,0,train
2025-11-01,20.18,weekend,1,1,8,Geopolitics / Peace,3,1,0,Monday_Open_Shock,Leader had positive meeting with China's President,Improved US-China relations boost trade,0,,,1,train
2025-11-02,23.9,weekend,1,1,9,Trade Policy,4,1,0,Monday_Open_Shock,President claims tariffs are crucial for national security and wealth,Tariff policy affects trade balances and economic growth,0,,,0,train
2025-11-03,0.72,premarket,0,1,8,US Politics,3,0,0,Monday_Open_Shock,Trump endorses Sarah Huckabee Sanders for Arkansas governor,Election outcome may impact state policies,1,,,1,train
2025-11-03,2.17,premarket,0,1,8,Domestic Policy,4,0,0,Monday_Open_Shock,Congressman endorsed for re-election,Pro-business policies may boost economy,0,,,1,train
2025-11-03,2.18,premarket,0,1,8,Election,3,0,0,Monday_Open_Shock,Congresswoman endorsed for re-election,pro-business policies,1,,,1,train
2025-11-03,2.22,premarket,0,1,8,Domestic Politics,3,0,0,Monday_Open_Shock,Congressman Hal Rogers endorsed for re-election,Pro-business policies may boost economy,1,,,1,train
2025-11-03,2.35,premarket,0,1,8,Geopolitics / Peace,3,0,0,Monday_Open_Shock,Congressman endorsed for re-election,Economic growth and security,1,,,1,train
2025-11-03,2.43,premarket,0,1,8,Geopolitics / Peace,3,0,0,Monday_Open_Shock,Congressman endorsed for re-election,Strong military and secure border,1,,,1,train
2025-11-03,2.6,premarket,0,1,8,Elections / Policy,3,0,0,Monday_Open_Shock,Congressman endorsed for re-election,Pro-business policies may boost economy,1,,,1,train
2025-11-03,2.6,premarket,0,1,8,Domestic Policy,3,0,0,Monday_Open_Shock,Congressman endorsed for re-election,Pro-business policies may boost economy,1,,,1,train
2025-11-03,2.83,premarket,0,1,8,Domestic Politics,3,0,0,Monday_Open_Shock,Congressman endorsed for patriotic work,Pro-business policies may boost economy,1,,,1,train
2025-11-03,2.85,premarket,0,1,8,Election / Endorsement,3,0,0,Monday_Open_Shock,Congressman endorsed for re-election,Pro-business policies may boost economy,1,,,1,train
2025-11-03,2.85,premarket,0,1,8,Domestic Politics,3,0,0,Monday_Open_Shock,Congressman endorsed for re-election,Economic policy impact,1,,,1,train
2025-11-03,3.22,premarket,0,1,8,Domestic Politics,3,0,0,Monday_Open_Shock,Congressman Bob Latta endorsed for re-election,Pro-business policies may boost economy,1,,,1,train
2025-11-03,3.28,premarket,0,1,8,Geopolitics / Peace,2,0,0,Monday_Open_Shock,Congressman endorsed for re-election,Strong defense and energy policies,1,,,1,train
2025-11-03,3.35,premarket,0,1,8,Domestic Politics,4,0,0,Monday_Open_Shock,Congressman endorsed for re-election,Fiscal policy and energy dominance,0,,,1,train
2025-11-03,19.43,regular,0,0,8,Domestic Politics,3,0,0,Regular_Hours,Congressman endorsed for re-election,Pro-business policies may boost economy,1,,,1,train
2025-11-03,19.47,regular,0,0,8,Election / Endorsement,4,0,0,Regular_Hours,Congressman endorsed for re-election,Pro-business policies may boost economy,0,,,0,train
2025-11-03,19.47,regular,0,0,8,Domestic Politics,3,0,0,Regular_Hours,Congressman endorsed for re-election,Economic growth and tax cuts,1,,,1,train
2025-11-03,19.48,regular,0,0,8,Elections / Politics,3,0,0,Regular_Hours,Congressman endorsed for re-election,Pro-business policies may boost economy,1,,,1,train
2025-11-03,19.5,regular,0,0,8,US Politics / Election,3,0,0,Regular_Hours,Congresswoman endorsed for re-election,"Pro-business, pro-energy policies",1,,,1,train
2025-11-03,19.5,regular,0,0,8,Domestic Politics,3,0,0,Regular_Hours,Congressman Tom Emmer endorsed for re-election,"Pro-business, low-regulation agenda",1,,,1,train
2025-11-03,19.62,regular,0,0,8,Domestic Policy / Economy,3,0,0,Regular_Hours,Congressman endorsed for re-election,Pro-business policies may boost economy,1,,,1,train
2025-11-03,19.63,regular,0,0,8,Domestic Politics,3,0,0,Regular_Hours,Congressman endorsed for re-election,Pro-business policies may boost economy,1,,,1,train
2025-11-03,19.63,regular,0,0,8,Geopolitics / Peace,2,0,0,Regular_Hours,Congressman endorsed for his America First policies,Strong military and energy dominance could impact defense and energy sectors,1,,,1,train
2025-11-03,19.87,regular,0,0,8,Elections / Politics,3,0,0,Regular_Hours,Congressman DesJarlais endorsed for re-election,Pro-business policies may boost economy,1,,,1,train
2025-11-03,19.92,regular,0,0,8,Election / Endorsement,3,0,0,Regular_Hours,Congressman Mark Amodei endorsed for re-election,Pro-business policies may boost economy,1,,,1,train
2025-11-03,19.92,regular,0,0,8,Geopolitics / Peace,2,0,0,Regular_Hours,Congressman endorsed for re-election,Energy dominance and low prices,1,,,1,train
2025-11-03,19.95,regular,0,0,8,Geopolitics / Peace,2,0,0,Regular_Hours,Congressman Joe Wilson endorsed for re-election,Strong military and border security,0,,,0,train
2025-11-03,20.5,afterhours,0,1,8,Domestic Politics,3,0,0,Noise_Zone,Congressman endorsed for re-election,"Economic growth, tax cuts, energy dominance",1,,,1,train
2025-11-03,23.83,afterhours,0,1,8,US Politics,3,0,0,Noise_Zone,Trump endorses Mark Lamb for Congress,Election outcome may impact policy,1,,,1,train
2025-11-04,18.47,regular,0,0,8,Geopolitics / Peace,2,0,0,Regular_Hours,Congressman endorsed for re-election,Military strength and secure borders impact defense sector,0,0,0,0,train
2025-11-05,21.95,afterhours,0,1,8,Geopolitics / Conflict,3,0,0,Noise_Zone,US to test nuclear weapons,Escalation fears,1,,,0,train
2025-11-07,2.43,premarket,0,1,9,Geopolitics / Trade,4,0,1,Noise_Zone,US and Uzbekistan make $100B trade deal,Increased exports boost US economy,1,,,0,train
2025-11-07,23.82,afterhours,0,1,8,Geopolitics / Trade,4,1,0,Monday_Open_Shock,Trump claims success in meeting with China's President Xi,Improved US-China trade relations,0,,,1,train
2025-11-09,12.42,weekend,1,1,8,Trade Policy,4,0,0,Monday_Open_Shock,"Tariffs are good, US is richest country",Tariffs boost US wealth,0,,,0,train
2025-11-09,15.25,weekend,1,1,8,Healthcare Policy,1,0,0,Monday_Open_Shock,Democrats accused of helping insurance industry,Healthcare policy affects insurance stocks,0,,,0,train
2025-11-10,19.92,regular,0,0,8,Trade War,3,0,0,Regular_Hours,US would owe $2 trillion if tariffs are removed,Tariff revenue loss impacts US trade balance,0,1,1,0,val
2025-11-11,5.62,premarket,0,1,8,Trade Policy,4,0,0,Noise_Zone,US tariff decision could lead to $3 trillion loss,Trade war escalation,-1,,,0,val
2025-11-14,15.58,regular,0,0,8,Geopolitics / US Politics,2,1,0,Regular_Hours,President asks DOJ to investigate Epstein's ties to Democrats,Investigation outcome may impact market sentiment on US policy stability,1,0,0,0,val
2025-11-17,2.57,premarket,0,1,8,US Politics / Local Election,2,0,0,Monday_Open_Shock,Endorsing Emilio Gonzales for Miami mayor,"Pro-business, low-tax policies may boost local economy",0,,,1,val
2025-11-18,22.6,afterhours,0,1,8,Regulation,2,1,0,Noise_Zone,US AI growth threatened by overregulation,Regulatory clarity boosts investment,1,0,0,0,val
2025-11-19,19.27,regular,0,0,8,Geopolitics / Peace,2,1,0,Regular_Hours,"Author condemns Sudan atrocities, vows US help","Humanitarian aid, regional stability",0,1,1,1,val
2025-11-23,1.97,weekend,1,1,8,Geopolitics / Trade,4,1,0,Monday_Open_Shock,President claims tariffs stopped wars and boosted economy,Tariffs impact trade balances and inflation,0,,,1,val
2025-11-23,22.92,weekend,1,1,8,US Politics,3,0,1,Monday_Open_Shock,Republican Party is united and strong,Election outcome affects policy,1,,,1,val
2025-11-24,10.63,premarket,0,1,9,Trade Policy,5,1,0,Monday_Open_Shock,Tariffs will increase US revenue,Tariff revenue boosts US trade balance,1,,,1,val
2025-11-25,22.83,afterhours,0,1,8,US Politics,3,0,0,Noise_Zone,Governor Jim Pillen endorsed for re-election,"Pro-business, tax cut policies may boost economy",1,,,0,val
2025-11-29,12.37,weekend,1,1,8,Trade Policy,4,0,0,Monday_Open_Shock,Tariffs made US rich and strong,Trade barriers impact economy,0,,,1,val
2025-12-01,15.92,regular,0,0,8,Geopolitics / Peace,4,1,1,Regular_Hours,US supports Syria's progress and peace with Israel,Reduced tensions boost regional stability,0,0,1,0,val
2025-12-03,15.48,regular,0,0,8,Domestic Politics,2,0,1,Regular_Hours,Trump announces pardon for Congressman Henry Cuellar,Political instability affects market sentiment,0,0,0,0,val
2025-12-04,17.0,regular,0,0,8,Domestic Politics,3,0,0,Regular_Hours,Congressman endorsed for re-election,Pro-business policies may boost economy,0,1,1,1,val
2025-12-04,23.73,afterhours,0,1,6,Law and Order,3,0,0,Noise_Zone,US Attorney Jay Clayton fights gangs,Reduced crime boosts local economy,1,,,1,val
2025-12-06,16.15,weekend,1,1,6,Geopolitics / Peace,2,0,0,Monday_Open_Shock,Trump honored by FIFA,Global stability boosts trade,0,,,1,val
2025-12-07,19.83,weekend,1,1,8,Trade Policy,4,0,0,Monday_Open_Shock,Trump supports strong tariffs for national security,Tariffs impact trade balances and inflation,1,,,0,val
2025-12-08,21.48,afterhours,0,1,9,Geopolitics / Trade,3,1,0,Noise_Zone,US to allow NVIDIA to ship H200 products to China,Eased trade restrictions boost US tech sector,0,0,0,1,val
2025-12-09,7.75,premarket,0,1,8,Geopolitics / Trade,3,0,0,Noise_Zone,Tariffs enhanced national security,Trade policy impacts economy,1,,,1,val
2025-12-11,18.62,regular,0,0,8,Economic Policy,3,0,0,Regular_Hours,President claims credit for improving economy,Economic growth and low inflation boost markets,0,0,1,1,val
2025-12-13,15.8,weekend,1,1,8,Trade Policy,3,0,0,Monday_Open_Shock,"Laffer praises Trump, says tariffs work",Tariff success could boost trade policy,0,,,1,val
2025-12-18,20.95,afterhours,0,1,8,US Politics / Election,4,0,0,Noise_Zone,Paul LePage endorsed for Congress,"Pro-business, America First policies",1,,,1,val
2025-12-18,21.88,afterhours,0,1,8,US Politics,4,0,0,Noise_Zone,Endorsing Eric Flores for Congress,"Pro-business, pro-military policies",1,,,1,val
2025-12-19,4.5,premarket,0,1,8,Economic Policy,3,0,0,Noise_Zone,Trump achieves economic goals,Fiscal stimulus boosts growth,1,,,1,val
2025-12-20,21.65,weekend,1,1,8,US Politics,4,0,0,Monday_Open_Shock,Nassau County Executive Bruce Blakeman runs for NY Governor,"Tax cuts, deregulation, and energy dominance could boost economy",1,,,1,val
2025-12-23,15.18,regular,0,0,9,Economic Growth,4,0,0,Regular_Hours,Q3 GDP exceeded expectations at 4.3%,Strong GDP growth boosts market sentiment,0,1,0,1,val
2025-12-25,0.03,premarket,0,1,8,Geopolitics / Economy,4,1,0,Noise_Zone,President DJT claims success in economy and national security,Strong economy and national security can boost market confidence,0,,,1,val
2025-12-26,12.63,premarket,0,1,8,Geopolitics / Security,2,0,0,Noise_Zone,Ex-official warns of fentanyl aerosolization threat,Increased security concerns,1,,,1,val
2025-12-28,14.6,weekend,1,1,8,Geopolitics / Peace,2,1,1,Monday_Open_Shock,Thailand and Cambodia to stop fighting,Reduced conflict lowers defense spending,-1,,,0,val
2025-12-30,21.8,afterhours,0,1,6,Politics / Judiciary,1,0,0,Noise_Zone,Judges challenge Trump policies,Policy uncertainty,1,,,1,val
2025-12-31,18.7,regular,0,0,6,Geopolitics / Peace,2,1,0,Regular_Hours,Russia is blocking peace,Conflict affects global markets,1,0,1,1,val
2026-01-02,14.37,regular,0,0,8,Trade War,4,0,0,Regular_Hours,Tariffs benefit the US,Trade policy affects markets,1,,,1,val
2026-01-05,22.13,afterhours,0,1,8,US Politics,2,1,1,Noise_Zone,Endorsing Captain Ed Gallrein for Congress,Election outcome may impact policy,1,,,1,val
2026-01-06,21.52,afterhours,0,1,8,Geopolitics / Peace,2,0,0,Noise_Zone,Endorsement of Amanda McKinney for Congress,Pro-military and energy dominance stance,0,,,1,val
2026-01-07,14.75,regular,0,0,8,Geopolitics / Peace,2,1,1,Regular_Hours,"NATO relied on US, now pays 5% GDP",Strong US military deters rivals,0,1,1,1,val
2026-01-07,22.07,afterhours,0,1,9,Geopolitics / Trade,3,1,0,Noise_Zone,Venezuela to buy only US-made products,Increased US exports,1,,,1,val
2026-01-08,21.42,afterhours,0,1,9,Economic Policy,4,1,0,Noise_Zone,President claims to fix housing market,Government intervention in mortgage market,1,1,1,1,val
2026-01-09,9.32,premarket,0,1,8,Geopolitics / Peace,3,1,0,Noise_Zone,"Venezuela releases prisoners, US and Venezuela cooperate on oil infrastructure",Improved relations and investment boost economic growth,0,0,1,0,val
2026-01-09,22.0,afterhours,0,1,8,Economic Policy,3,1,0,Monday_Open_Shock,US economy is strong due to tariffs,Tariffs boosted national security and GDP,1,,,1,val
2026-01-11,12.45,weekend,1,1,9,Geopolitics / Sanctions,4,1,0,Monday_Open_Shock,US to cut Cuba's oil and money from Venezuela,Trade and sanctions impact economies,1,1,0,1,val
2026-01-13,13.63,regular,0,0,8,Immigration / Law Enforcement,4,0,0,Regular_Hours,ICE wants to remove criminals from Minnesota,Immigration policy affects labor market and economy,1,,,1,val
2026-01-14,11.65,premarket,0,1,9,Geopolitics / Expansion,3,1,0,Noise_Zone,US needs Greenland for national security,Territorial control impacts global power balance,1,,,1,val
2026-01-15,23.4,afterhours,0,1,6,Geopolitics / Peace,2,0,1,Noise_Zone,Trump forms a Board of Peace,Peace efforts can reduce defense spending,0,,,1,val
2026-01-16,17.67,regular,0,0,8,Geopolitics / Peace,2,1,0,Regular_Hours,Iran cancels over 800 hangings,Reduced conflict risk,-1,1,1,1,val
2026-01-19,2.0,premarket,0,1,6,Geopolitics / Regime Change,2,1,0,Monday_Open_Shock,"Trump may visit free Iran, Havana, Caracas","Regime change affects oil, trade",0,,,1,val
2026-01-19,22.07,afterhours,0,1,6,Domestic Politics,2,1,0,Noise_Zone,Complaint about media focus and border policy,Immigration policy affects labor market,1,,,1,val
2026-01-22,17.02,regular,0,0,8,Domestic Politics,3,0,0,Regular_Hours,President claims fake polls undermine his achievements,Election uncertainty affects market sentiment,1,1,1,1,val
2026-01-23,0.55,premarket,0,1,8,US Politics,4,0,0,Noise_Zone,Trump endorses John Wahl for Alabama Lieutenant Governor,"pro-business, anti-regulation policies",0,,,1,val
2026-01-23,6.38,premarket,0,1,8,Geopolitics / Peace,2,1,0,Noise_Zone,Trump launches Board of Peace at Davos,Reduced conflict risk,0,,,0,val
2026-01-23,20.28,afterhours,0,1,6,Geopolitics / Trade,3,1,0,Monday_Open_Shock,"Canada opposes Golden Dome, favors China trade","Trade tensions, protectionism",1,1,0,0,val
2026-01-23,22.82,afterhours,0,1,8,Domestic Policy,4,0,0,Monday_Open_Shock,Congressman endorsed for re-election,Fiscal policy and regulation changes,0,,,1,val
2026-01-23,22.85,afterhours,0,1,8,Geopolitics / Peace,2,0,0,Monday_Open_Shock,Congresswoman endorsed for re-election,Pro-military and energy dominance stance,0,,,1,val
2026-01-23,22.87,afterhours,0,1,8,Election / Endorsement,3,0,0,Monday_Open_Shock, Politician endorses Congressman Jim Baird,Pro-business policies may boost economy,0,,,1,val
2026-01-23,22.98,afterhours,0,1,8,Domestic Politics,3,0,0,Monday_Open_Shock,Congressman endorsed for re-election,Pro-business agenda may boost economy,1,,,1,val
2026-01-23,23.32,afterhours,0,1,8,Trade Policy,2,1,0,Monday_Open_Shock,GM moves SUV production from China to US,Reduced reliance on China boosts US economy,1,,,1,val
2026-01-24,13.95,weekend,1,1,9,Trade War,3,1,1,Monday_Open_Shock,Canada warned against trade deal with China,Tariffs on Canadian goods,1,,,1,val
2026-01-25,17.6,weekend,1,1,8,Geopolitics / Trade,4,1,0,Monday_Open_Shock,Canada's China deal is a disaster,Trade deals impact economies,1,,,1,val
2026-01-28,0.68,premarket,0,1,8,US Politics,3,0,0,Noise_Zone,Endorsing Joe Mitchell for Iowa's 2nd Congressional District,"Pro-business, tax cut policies may boost economy",1,,,1,val
2026-01-28,0.97,premarket,0,1,8,US Politics,4,0,0,Noise_Zone,Trump endorses Michael Alfonso for Congress,Economic policies may shift,1,,,1,val
2026-01-28,12.2,premarket,0,1,9,Geopolitics / War,4,1,0,Noise_Zone,"US armada heads to Iran, demanding no nuclear deal",Conflict escalation affects oil prices and defense stocks,1,1,1,1,val
2026-01-29,23.48,afterhours,0,1,9,Trade War,2,1,1,Noise_Zone,US decertifies Canadian aircraft over Gulfstream dispute,"Trade tensions escalate, affecting aerospace sector",0,,,0,val
2026-01-31,20.92,weekend,1,1,9,Geopolitics / Domestic Security,2,0,1,Monday_Open_Shock,President Trump vows to protect federal property from riots,Increased federal involvement in domestic law enforcement,0,,,1,val
2026-02-02,14.42,regular,0,0,8,Geopolitics / Energy,2,1,0,Regular_Hours,"Trump welcomes China, India investment in Venezuela oil",Increased investment could boost oil production,0,,,0,val
2026-02-02,16.48,regular,0,0,8,Geopolitics / Tension,3,1,0,Regular_Hours,Trump sent clear message to Iran,Geopolitical tensions affect oil prices,1,0,0,1,val
2026-02-04,15.63,regular,0,0,8,Geopolitics / Trade,4,1,0,Regular_Hours,Trump had positive call with China's President Xi,Improved US-China relations could boost trade,0,0,0,0,val
2026-02-05,0.48,premarket,0,1,8,US Politics,3,0,1,Noise_Zone,Trump endorses Mike LiPetri for Congress,Election outcome may impact policy,1,,,1,val
2026-02-05,2.13,premarket,0,1,8,US Politics,2,0,0,Noise_Zone,Endorsing a congressional candidate,Election outcome may impact policy,1,,,1,val
2026-02-05,17.7,regular,0,0,8,Geopolitics / Election,3,1,0,Regular_Hours,Trump endorses Japan's PM Takaichi,US-Japan trade deal and national security,1,1,1,1,val
2026-02-05,22.95,afterhours,0,1,8,US Politics,2,0,0,Noise_Zone,Trump endorses Cody Simpson for SC Agriculture Commissioner,Potential policy changes in agriculture and trade,1,,,1,val
2026-02-07,15.42,weekend,1,1,8,Regulatory,4,1,0,Monday_Open_Shock,Support for Nexstar-Tegna deal,Media consolidation,1,,,1,val
2026-02-09,22.72,afterhours,0,1,9,Geopolitics / Trade,4,1,1,Noise_Zone,Trump demands fairness from Canada,Trade tensions affect markets,0,,,1,val
2026-02-10,23.83,afterhours,0,1,8,Domestic Policy,3,0,0,Noise_Zone,Congressman endorsed for re-election,Pro-business policies may boost economy,1,,,1,val
2026-02-10,23.88,afterhours,0,1,8,Domestic Politics,3,0,0,Noise_Zone,Congresswoman endorsed for re-election,Pro-business policies may boost economy,1,,,1,val
2026-02-11,23.27,afterhours,0,1,9,Trade Policy,4,0,0,Noise_Zone,Trump threatens Republicans who vote against tariffs,Tariffs impact trade deficit and national security,1,,,1,val
2026-02-13,22.03,afterhours,0,1,9,US Politics,3,0,1,Monday_Open_Shock,Trump demands voter ID law,Polarization affects policy,0,,,1,val
2026-02-16,19.45,regular,0,0,8,Economy / Confidence,3,1,0,Regular_Hours,"President claims low inflation, high markets, strong military",Confidence boost may increase spending,1,,,1,val
2026-02-17,1.03,premarket,0,1,8,US Politics,1,0,0,Noise_Zone,Endorsing Alex Mealer for Congress,Election outcome may impact policy,1,,,1,val
2026-02-17,2.15,premarket,0,1,8,US Politics,4,0,0,Noise_Zone,Pete Sessions endorsed for re-election,Pro-business policies,1,,,1,val
2026-02-17,2.17,premarket,0,1,8,US Politics,2,0,0,Noise_Zone,Congresswoman endorsed for re-election,Fiscal policy and defense spending,1,,,1,val
2026-02-18,18.7,regular,0,0,8,Geopolitics / Conflict,3,1,0,Regular_Hours,US warns UK against leasing Diego Garcia,Strategic island control affects global security,1,1,1,1,val
2026-02-20,18.62,regular,0,0,9,Trade War,5,0,1,Regular_Hours,Trump announces new tariffs,"Tariffs impact trade, inflation",1,1,1,1,val
2026-02-21,0.07,weekend,1,1,8,Trade Policy,3,0,0,Monday_Open_Shock,Author criticizes Supreme Court for tariff decision,Tariff revenue impact on trade balance,1,,,1,val
2026-02-21,15.98,weekend,1,1,9,Trade War,4,0,1,Monday_Open_Shock,President Trump raises tariffs to 15%,Tariffs impact trade balances,1,,,1,val
2026-02-23,12.05,premarket,0,1,8,Geopolitics / Trade,4,1,0,Monday_Open_Shock,President Trump claims the Supreme Court gave him more power to impose tariffs,Tariffs can impact trade and economy,1,,,1,val
2026-02-23,14.82,regular,0,0,8,Trade War,3,1,0,Regular_Hours,President claims power to impose tariffs without Congress,"Tariffs impact trade, inflation, and growth",1,,,1,val
2026-02-27,15.6,regular,0,0,8,Immigration,3,0,0,Regular_Hours,Trump has fewest illegal border crossings in 50 years,Less immigration can reduce labor supply,0,0,1,0,val
2026-02-27,16.43,regular,0,0,8,US Politics,4,0,0,Regular_Hours,Candidate endorsed by prominent Republicans,Fiscal policy and regulation changes,1,1,1,0,val
2026-02-27,20.78,afterhours,0,1,9,Geopolitics / National Security,3,0,1,Monday_Open_Shock,US to cease use of Anthropic's tech,gov't tech ban impacts national security,-1,1,0,1,val
2026-02-28,1.58,weekend,1,1,8,US Politics,4,0,0,Monday_Open_Shock,Trump endorses Don Huffines for Texas Comptroller,Pro-business policies may boost economy,0,1,0,0,test
2026-02-28,21.62,weekend,1,1,9,Geopolitics / War,3,1,0,Monday_Open_Shock,"Khamenei is dead, Iran may take back country","Regime change, potential Middle East stability",1,0,1,0,test
2026-03-01,12.67,weekend,1,1,8,Geopolitics / Conflict,3,1,0,Monday_Open_Shock,Ayatollah Khamenei's death improves the world,Reduced Iran tensions,-1,0,1,0,test
2026-03-02,23.33,afterhours,0,1,8,Geopolitics / Conflict,3,1,1,Noise_Zone,Trump defends US-Israel attack on Iran,"Conflict raises oil prices, defense spending",0,1,1,1,test
2026-03-03,10.5,premarket,0,1,8,Trade War,3,1,0,Noise_Zone,US-China trade deficit decreased in Trump's first year,Improved trade balance boosts economy,0,1,1,1,test
2026-03-03,13.03,premarket,0,1,8,Geopolitics / War,3,1,0,Noise_Zone,President Trump wants unlimited weaponry,Increased military spending,0,,,0,test
2026-03-05,0.98,premarket,0,1,8,US Politics,3,0,0,Noise_Zone,Trump endorses Kurt Alme for Senate,Economic policy impact,1,,,1,test
2026-03-05,14.58,regular,0,0,6,Geopolitics / Peace,2,1,0,Regular_Hours,Melania Trump presides over UN Security Council,Global stability impacts markets,0,,,0,test
2026-03-06,13.83,regular,0,0,8,Geopolitics / Conflict,3,1,0,Regular_Hours,No deal with Iran without unconditional surrender,Trade and sanctions impact,0,1,1,0,test
2026-03-06,16.05,regular,0,0,8,Trade Policy,3,0,0,Regular_Hours,US trade deficit nearly cut in half,Improved trade balance boosts economy,0,1,1,1,test
2026-03-08,22.9,weekend,1,1,8,Geopolitics / Peace,3,1,0,Monday_Open_Shock,Oil prices will drop after Iran nuclear threat is resolved,Geopolitical stability reduces oil price volatility,-1,0,0,1,test
2026-03-10,0.5,premarket,0,1,9,Geopolitics / Conflict,4,1,0,Noise_Zone,US will strongly retaliate if Iran blocks oil flow,Oil supply disruption and US-Iran conflict,0,1,1,1,test
2026-03-10,21.28,afterhours,0,1,9,Energy Independence,4,1,1,Noise_Zone,US to open new oil refinery in Texas,Increased domestic energy production,0,1,0,1,test
2026-03-11,23.48,afterhours,0,1,8,US Politics / Election,3,0,0,Noise_Zone,Trump endorses Colonel Laurie Buckhout for Congress,Election outcome may impact tax and energy policies,1,1,1,0,test
2026-03-12,15.0,regular,0,0,6,Geopolitics / Tension,2,1,0,Regular_Hours,Trump questions Iran's World Cup participation,Geopolitical tensions affect oil prices,1,1,0,1,test
2026-03-13,13.88,regular,0,0,8,Geopolitics / Conflict,3,1,0,Regular_Hours,Iran miscalculated Trump,Escalation fears,0,1,1,0,test
2026-03-14,0.2,weekend,1,1,8,US Politics,4,0,0,Monday_Open_Shock,Trump endorses Kevin Hern for Senate,Economic policy impact,1,1,1,0,test
2026-03-14,13.58,weekend,1,1,6,Geopolitics / Peace,3,1,0,Monday_Open_Shock,Tanker planes in Saudi Arabia were not destroyed,Reduced conflict risk,-1,1,1,1,test
2026-03-14,19.42,weekend,1,1,6,Geopolitics / Conflict,3,1,0,Monday_Open_Shock,Majority backs Trump stopping Iran's nuclear ambitions,Conflict escalation affects oil prices,0,1,1,0,test
2026-03-16,2.77,premarket,0,1,8,Geopolitics / Institutions,4,0,0,Monday_Open_Shock,Trump criticizes Federal Reserve Chairman Powell and judge,Eroding trust in institutions affects monetary policy,-1,1,1,1,test
2026-03-17,9.02,premarket,0,1,8,Geopolitics / Conflict,3,1,0,Noise_Zone,US-Israeli strategy against Iran is working,Reduced Iran threat helps global markets,0,0,1,1,test
2026-03-18,12.02,premarket,0,1,8,Geopolitics / Conflict,3,1,0,Noise_Zone,US is taking action against Iran,Conflict affects oil prices,1,1,1,0,test
2026-03-19,14.07,regular,0,0,6,Geopolitics / Conflict,3,1,0,Regular_Hours,Trump should finish what he started with Iran's regime,Conflict escalation affects oil prices,1,0,0,0,test
2026-03-20,13.72,regular,0,0,8,Geopolitics / Conflict,3,1,0,Regular_Hours,"NATO is weak without US, won't help with Iran",Global conflict affects oil prices,0,1,1,0,test
2026-03-21,16.87,weekend,1,1,8,US Politics,4,0,0,Monday_Open_Shock,Trump endorses Julia Letlow for Senate,Pro-business policies may boost economy,0,1,1,0,test
2026-03-21,22.62,weekend,1,1,8,Geopolitics / War,3,1,0,Monday_Open_Shock,US claims to have defeated Iran,Conflict impacts oil prices,0,0,0,0,test
2026-03-23,0.52,premarket,0,1,8,US Politics,2,1,0,Monday_Open_Shock,DJT demands voter ID and other reforms,Policy uncertainty affects markets,1,0,0,0,test
2026-03-23,12.95,premarket,0,1,8,Immigration,2,1,0,Monday_Open_Shock,Trump criticizes Biden's border policy,Border policy affects labor market,-1,1,1,1,test
2026-03-24,19.95,regular,0,0,8,US Politics / Elections,3,0,0,Regular_Hours,Trump endorses T.W. Shannon for Oklahoma Lieutenant Governor,Election outcome may impact state policies,1,0,0,0,test
2026-03-25,16.85,regular,0,0,8,Geopolitics / National Security,3,1,0,Regular_Hours,Trump supports FISA extension to protect Americans,National security concerns impact defense sector,1,1,1,0,test
2026-03-26,10.65,premarket,0,1,8,Geopolitics / Conflict,3,1,0,Noise_Zone,Iran must make a deal or face consequences,Trade and sanctions affected by Iran deal,1,0,0,0,test
2026-03-26,22.5,afterhours,0,1,9,Geopolitics / Immigration,4,0,1,Noise_Zone,President Trump vows to protect US from illegal immigration,Immigration policy affects labor market and border security,-1,1,1,1,test
2026-03-28,22.6,weekend,1,1,8,Geopolitics / Conflict,3,1,0,Monday_Open_Shock,Trump not backing down on Iran,Escalation affects oil prices,1,1,1,0,test
2026-03-30,11.43,premarket,0,1,9,Geopolitics / War,4,1,1,Monday_Open_Shock,US threatens Iran with destruction if deal not reached,Geopolitical tensions affect oil prices,1,1,1,0,test
2026-03-31,11.32,premarket,0,1,8,Geopolitics / Conflict,2,1,0,Noise_Zone,France blocked US planes with military supplies to Israel,Escalating tensions affect defense sector,1,0,1,0,test
2026-04-01,13.07,premarket,0,1,8,Trade Policy,2,0,0,Noise_Zone,Nissan moved production to US due to tariffs,Tariffs influenced production relocation,0,,,1,test
2026-04-02,2.92,premarket,0,1,8,Geopolitics / War,3,1,0,Noise_Zone,Defanging Iran is worth war cost,Conflict affects oil prices,0,0,0,0,test
2026-04-03,2.68,premarket,0,1,8,Geopolitics / War,3,1,0,Noise_Zone,Trump threatens Iran with military action,"Conflict raises oil prices, defense spending",0,,,0,test
2026-04-04,13.53,weekend,1,1,8,Trade Policy,4,1,0,Monday_Open_Shock,"Jobs numbers were great, trade deficit dropped 55%",Improved trade balance boosts economy,1,0,1,0,test
2026-04-05,4.13,weekend,1,1,8,Geopolitics / Peace,3,1,0,Monday_Open_Shock,US rescues crew member from Iran,Reduced conflict risk,-1,1,1,1,test
2026-04-07,12.1,premarket,0,1,8,Geopolitics / Regime Change,3,1,0,Noise_Zone,Regime change in Iran may happen tonight,New leadership could alter global relations and oil markets,1,0,0,1,test
2026-04-08,0.02,premarket,0,1,8,Geopolitics / Disinformation,2,1,1,Noise_Zone,Trump denies CNN's Iran statement,Media credibility affects market sentiment,1,1,1,0,test
2026-04-08,11.5,premarket,0,1,10,Geopolitics / Trade,4,1,1,Noise_Zone,US to tariff countries selling arms to Iran,Trade war escalation,1,1,1,0,test
2026-04-09,2.93,premarket,0,1,8,Geopolitics / Peace,2,1,0,Noise_Zone,Iran peace talks were subject to fake news,Perceived progress in Iran talks affects oil prices,-1,0,1,1,test
2026-04-09,20.47,afterhours,0,1,8,Geopolitics / Peace,3,1,0,Noise_Zone,Trump criticizes pundits for supporting Iran's nuclear program,US-Iran tensions affect oil and defense markets,0,1,1,0,test
2026-04-09,23.82,afterhours,0,1,8,Immigration Policy,2,0,1,Noise_Zone,Trump blames Biden for a crime by an immigrant,Immigration policy affects labor market and economy,1,1,1,1,test
2026-04-10,19.65,regular,0,0,8,Domestic Policy,3,0,0,Regular_Hours,Congressman endorsed for re-election,Pro-business policies may boost economy,1,1,1,0,test
2026-04-11,12.97,weekend,1,1,8,Geopolitics / Peace,4,1,0,Monday_Open_Shock,"Trump claims Iran is losing, US clearing Strait of Hormuz","Reduced Iran threat, increased oil supply",-1,1,1,1,test
2026-04-11,22.4,weekend,1,1,6,Geopolitics / Peace,2,1,0,Monday_Open_Shock,Pro-Trump rally in Bern with Iranian participation,Improved US-Iran relations,-1,1,1,1,test
2026-04-12,12.88,weekend,1,1,8,Geopolitics / Conflict,3,1,0,Monday_Open_Shock,Iran refused to give up nuclear ambitions,Nuclear threat raises global risk,0,0,0,0,test
2026-04-13,6.58,premarket,0,1,6,Geopolitics / Peace,2,1,0,Monday_Open_Shock,Secret memos reveal Ukraine accuser's bias,Reduced tensions with Ukraine,-1,1,1,1,test
2026-04-13,20.9,afterhours,0,1,6,Geopolitics / Peace,2,1,0,Noise_Zone,"Trump claims Iran is defeated, criticizes NY Times",Geopolitical tensions affect oil prices,-1,1,1,1,test
2026-04-14,18.12,regular,0,0,9,Geopolitics / National Security,2,1,0,Regular_Hours,Trump supports FISA 702 extension,FISA affects national security and military ops,0,1,1,0,test
2026-04-14,18.68,regular,0,0,8,US Politics / Election,3,0,0,Regular_Hours,Endorsing Houston Gaines for Congress,"Tax cuts, deregulation, energy dominance",0,1,1,0,test
2026-04-14,19.12,regular,0,0,8,US Politics,3,0,0,Regular_Hours,Endorsing John Braun for Congress,"Pro-growth policies, tax cuts, and deregulation",0,1,1,0,test
2026-04-15,4.05,premarket,0,1,8,Geopolitics / Conflict,3,1,0,Noise_Zone,Iran may run out of oil storage due to Trump blockade,Oil supply disruption,0,1,0,0,test
2026-04-15,14.27,regular,0,0,8,Geopolitics / Security,2,1,0,Regular_Hours,Trump supports FISA 702 extension,FISA affects national security and military ops,0,1,0,0,test
2026-04-16,18.75,regular,0,0,8,Geopolitics / National Security,2,0,0,Regular_Hours,Trump wants a secure ballroom in the White House,National security concerns impact defense spending,0,1,0,0,test
2026-04-17,13.45,premarket,0,1,8,Geopolitics / Trade,3,1,0,Noise_Zone,"Strait of Hormuz open, naval blockade on Iran remains",Trade route stability affects oil prices,0,1,1,0,test
2026-04-17,14.27,regular,0,0,6,Geopolitics / Peace,1,1,0,Regular_Hours,"Trump thanks Saudi Arabia, UAE, and Qatar for help",Improved Middle East relations could boost oil market stability,0,1,1,0,test
2026-04-17,14.67,regular,0,0,8,Geopolitics / Peace,2,1,0,Regular_Hours,Iran won't close Strait of Hormuz again,Reduced oil supply risk,0,1,1,0,test
2026-04-18,2.42,weekend,1,1,8,Geopolitics / Peace,3,1,0,Monday_Open_Shock,Trump expects progress with China's President Xi,Trade tensions easing,1,1,0,1,test
2026-04-19,12.17,weekend,1,1,9,Geopolitics / Conflict,3,1,1,Monday_Open_Shock,"US accuses Iran of violating ceasefire, threatens retaliation","Escalating tensions may disrupt oil supply, raise prices",1,1,1,0,test
2026-04-19,19.38,weekend,1,1,9,Geopolitics / Conflict,3,0,1,Monday_Open_Shock,US Navy intercepted Iranian cargo ship,Escalation affects oil prices,1,1,1,0,test
2026-04-20,14.27,regular,0,0,8,Geopolitics / Conflict,3,1,0,Regular_Hours,Israel's war with Iran solidified opinion that Iran can't have nuclear weapons,Geopolitical tensions and regime change impact oil prices and defense stocks,1,1,1,0,test
2026-04-20,18.18,regular,0,0,9,Geopolitics / War,3,1,0,Regular_Hours,"Trump claims US is winning a war, citing enemy losses","War outcome impacts oil prices, defense sector",1,1,1,1,test
2026-04-21,11.15,premarket,0,1,8,Geopolitics / Conflict,3,1,0,Noise_Zone,Iran violated ceasefire,Conflict raises oil prices,1,0,1,0,test
2026-04-21,20.15,afterhours,0,1,8,Geopolitics / Peace,3,1,1,Noise_Zone,US delays attack on Iran,Reduced conflict risk,0,1,0,1,test
2026-04-21,23.75,afterhours,0,1,8,Domestic Politics,2,0,1,Noise_Zone,Trump criticizes Republican justices for disloyalty,Judicial appointments impact economic policy,1,0,1,0,test
2026-04-22,13.68,regular,0,0,8,Geopolitics / Domestic Politics,3,1,0,Regular_Hours,Author criticizes Supreme Court decisions,Policy uncertainty affects markets,1,1,1,0,test
2026-04-23,2.98,premarket,0,1,6,Geopolitics / War,2,0,0,Noise_Zone,Trump's War Department is strong,Increased military spending,1,1,1,0,test
2026-04-23,13.45,premarket,0,1,6,Geopolitics / Tension,3,1,0,Noise_Zone,Trump may not need deal with Iran,US-Iran tensions impact oil prices,1,1,0,1,test
2026-04-23,21.35,afterhours,0,1,8,Geopolitics / Peace,3,1,0,Noise_Zone,US to help Lebanon protect itself from Hezbollah,Reduced Mideast tensions,-1,0,1,1,test
2026-04-28,18.42,regular,0,0,8,Geopolitics / Conflict,4,1,0,Regular_Hours,Trump opposes Iran having nuclear weapons,Nuclear threat increases global uncertainty,1,1,1,0,test
2026-04-30,13.67,regular,0,0,8,Geopolitics / War,4,1,0,Regular_Hours,Germany should focus on ending war with Russia and Ukraine,Geopolitical tensions affect global markets,0,0,1,0,test
2026-05-01,1.43,premarket,0,1,6,Geopolitics / Tension,2,1,0,Noise_Zone,Navy Commander praises Trump on Iran,US-Iran tensions impact oil prices,0,0,0,0,test
2026-05-02,22.78,weekend,1,1,8,Geopolitics / Conflict,3,1,0,Monday_Open_Shock,Trump doubts Iran's plan,Escalation affects oil prices,1,1,1,0,test
2026-05-03,20.58,weekend,1,1,8,Geopolitics / Peace,3,1,0,Monday_Open_Shock,US to help free neutral ships in Strait of Hormuz,"Reduced tensions, increased global trade",-1,1,1,1,test
2026-05-05,19.53,regular,0,0,8,Domestic Politics,3,0,0,Regular_Hours,Congressman endorsed for re-election,Pro-business policies may boost economy,1,1,1,0,test
2026-05-05,19.55,regular,0,0,8,Geopolitics / Peace,3,0,0,Regular_Hours,Warren Davidson endorsed for re-election,Strong border security and military support,1,1,1,1,test
2026-05-05,19.62,regular,0,0,8,Election / Endorsement,3,0,0,Regular_Hours,Congressman endorsed for re-election,Economic policy impact,1,1,1,1,test
2026-05-05,22.87,afterhours,0,1,8,Geopolitics / Peace,3,1,1,Noise_Zone,US pauses ship movement in Strait of Hormuz,Reduced tensions lower oil prices,-1,1,1,1,test
2026-05-06,18.4,regular,0,0,8,Domestic Politics,3,0,0,Regular_Hours, Politician endorses MAGA candidate,"Pro-business, low-regulation agenda",1,0,1,1,test
2026-05-07,19.12,regular,0,0,8,Geopolitics / Trade,4,1,1,Regular_Hours,Trump demands EU fulfill trade deal,Trade tensions impact global markets,-1,1,1,1,test
2026-05-08,15.18,regular,0,0,8,Geopolitics / Transparency,2,0,0,Regular_Hours,Trump releases UFO files for public review,Transparency on sensitive info can impact defense sector,0,1,1,1,test
2026-05-09,12.68,weekend,1,1,8,Geopolitics / War,3,1,0,Monday_Open_Shock,Preventing Iran from getting nukes is a priority,Geopolitical tensions affect oil prices,1,0,1,0,test
2026-05-10,20.12,weekend,1,1,8,Geopolitics / Trade,3,0,0,Monday_Open_Shock,Trump claims he saved the US steel industry with tariffs,Trade policy affects US industry,1,1,1,1,test
2026-05-10,22.57,weekend,1,1,8,Trade Policy,4,0,0,Monday_Open_Shock,Trump criticizes justices for tariff decision,Trade policy affects US trade balance,1,0,1,0,test
2026-05-12,20.4,afterhours,0,1,8,Geopolitics / Conflict,3,1,0,Noise_Zone,Iran's military is defeated,War affects oil prices,0,0,0,0,test
