post_id,entity,sector_etf,stance,mode,t0_utc,anchor_utc,price_before,raw_30m,abn_30m,raw_1h,abn_1h,raw_2h,abn_2h,raw_3h,abn_3h
113781393195053401,TSLA,XLY,no_clear_stance,shifted_to_next_open,2025-01-06T12:24:38.004000+00:00,2025-01-06T14:30:00+00:00,410.77,0.0,0.0,0.01356,0.00431,0.0008,-0.00903,-0.00377,-0.01117
113781828670659948,AMZN,XLY,negative,shifted_to_next_open,2025-01-06T14:15:22.832000+00:00,2025-01-06T14:30:00+00:00,224.2,0.0,0.0,0.01704,0.00778,0.01882,0.00899,0.01493,0.00754
113903630433895227,MCD,XLY,positive,shifted_to_next_open,2025-01-28T02:31:10.243000+00:00,2025-01-28T14:30:00+00:00,293.14,0.0,0.0,0.0001,-0.0018,-0.00392,-0.00206,-0.00924,-0.01033
113909188940119917,TSLA,XLY,no_clear_stance,shifted_to_next_open,2025-01-29T02:04:46.322000+00:00,2025-01-29T14:30:00+00:00,398.1,-0.04918,-0.0513,-0.01522,-0.01557,-0.02094,-0.02085,-0.01971,-0.02104
113963121926787410,AMZN,XLY,negative,in_session,2025-02-07T14:40:38.392000+00:00,2025-02-07T14:40:38.392000+00:00,238.74,-0.01523,-0.00843,-0.03799,-0.0289,-0.04035,-0.02648,-0.04068,-0.02607
114020008419550279,AMZN,XLY,no_clear_stance,shifted_to_next_open,2025-02-17T15:47:37.379000+00:00,2025-02-18T14:30:00+00:00,228.68,-0.00854,-0.00436,-0.01526,-0.00997,-0.01627,-0.01116,-0.01839,-0.01235
114027770237892482,TSLA,XLY,no_clear_stance,shifted_to_next_open,2025-02-19T00:41:33.328000+00:00,2025-02-19T14:30:00+00:00,354.05,-0.07615,-0.07489,0.02618,0.02976,0.01671,0.02197,0.02982,0.03331
114033427089061668,TSLA,XLY,no_clear_stance,shifted_to_next_open,2025-02-20T00:40:10.029000+00:00,2025-02-20T14:30:00+00:00,360.6,-0.03669,-0.02446,-0.02345,-0.00988,-0.01776,-0.00463,-0.01858,-0.00508
114058814859681967,AAPL,XLK,positive,shifted_to_next_open,2025-02-24T12:16:00+00:00,2025-02-24T14:30:00+00:00,245.59,0.0,0.0,0.0092,0.02002,0.00619,0.011,0.00898,0.01158
114059004456970017,AAPL,XLK,positive,shifted_to_next_open,2025-02-24T13:04:49.687000+00:00,2025-02-24T14:30:00+00:00,245.59,0.0,0.0,0.0092,0.02002,0.00619,0.011,0.00898,0.01158
114059888811732826,TSLA,XLY,no_clear_stance,in_session,2025-02-24T16:49:43.878000+00:00,2025-02-24T16:49:43.878000+00:00,333.84,0.01146,0.01101,0.00956,0.0085,0.01366,0.01128,-0.00129,-0.00136
114069904344598839,TSLA,XLY,positive,shifted_to_next_open,2025-02-26T11:16:48.776000+00:00,2025-02-26T14:30:00+00:00,302.49,-0.09666,-0.09346,-0.02393,-0.02999,-0.01226,-0.02247,-0.00598,-0.01615
114070315739588346,AAPL,XLK,no_clear_stance,shifted_to_next_open,2025-02-26T13:01:26.166000+00:00,2025-02-26T14:30:00+00:00,247.05,-0.01764,-0.016,-0.01445,-0.02741,-0.02121,-0.03911,-0.01587,-0.03495
114071853044146528,TSLA,XLY,positive,in_session,2025-02-26T19:32:23.576000+00:00,2025-02-26T19:32:23.576000+00:00,290.25,-0.0034,-0.00248,-0.00424,-0.0031,0.00221,0.00227,0.00221,0.00227
114140437287253298,AMZN,XLY,no_clear_stance,shifted_to_next_open,2025-03-10T22:14:16.068000+00:00,2025-03-11T13:30:00+00:00,194.66,-0.12255,-0.0447,0.00419,0.01674,0.01259,0.02166,0.0092,0.02003
114141854575248527,TSLA,XLY,positive,shifted_to_next_open,2025-03-11T04:14:42.212000+00:00,2025-03-11T13:30:00+00:00,222.08,-0.1994,-0.12155,0.00257,0.01512,0.02846,0.03753,0.02772,0.03855
114145611018414576,TSLA,XLY,positive,shifted_to_next_open,2025-03-11T20:10:00.942000+00:00,2025-03-12T13:30:00+00:00,232.68,0.06996,0.06449,0.06108,0.06159,0.05217,0.05981,0.07142,0.07015
114145621000876629,TSLA,XLY,positive,shifted_to_next_open,2025-03-11T20:12:33.261000+00:00,2025-03-12T13:30:00+00:00,232.68,0.06996,0.06449,0.06108,0.06159,0.05217,0.05981,0.07142,0.07015
114145974393951612,BA,ITA,no_clear_stance,shifted_to_next_open,2025-03-11T21:42:25.610000+00:00,2025-03-12T13:30:00+00:00,154.01,0.00883,0.00883,0.00766,0.00604,0.00698,0.00658,0.01448,0.00794
114151257383811463,GS,XLF,no_clear_stance,shifted_to_next_open,2025-03-12T20:05:57.639000+00:00,2025-03-13T13:30:00+00:00,538.96,-0.01107,-0.01191,-0.00766,-0.01028,-0.02034,-0.01824,-0.02889,-0.02229
114151328220491045,AAPL,XLK,no_clear_stance,shifted_to_next_open,2025-03-12T20:23:00+00:00,2025-03-13T13:30:00+00:00,215.64,-0.00767,0.00446,-0.00631,-0.00047,-0.00742,0.0047,-0.01716,-0.00216
114176199348948643,TSLA,XLY,positive,shifted_to_next_open,2025-03-17T05:49:00+00:00,2025-03-17T13:30:00+00:00,249.98,-0.02446,-0.01998,-0.05057,-0.04712,-0.05753,-0.05356,-0.06645,-0.06049
114179081339591399,TSLA,XLY,no_clear_stance,in_session,2025-03-17T18:01:00+00:00,2025-03-17T18:01:00+00:00,236.35,0.00667,0.00286,0.01244,0.00506,0.00463,-0.00178,0.00611,0.00296
114186559522815802,TSLA,XLY,positive,shifted_to_next_open,2025-03-19T01:43:45.577000+00:00,2025-03-19T13:30:00+00:00,225.48,-0.0381,-0.02285,0.02596,0.01485,0.04406,0.03135,0.04302,0.0299
114190845050387383,TSLA,XLY,no_clear_stance,in_session,2025-03-19T19:53:00+00:00,2025-03-19T19:53:00+00:00,235.3,-0.00121,-0.00189,0.00184,-0.00012,0.00184,-0.00012,0.00184,-0.00012
114194879718374915,NVDA,SOXX,no_clear_stance,shifted_to_next_open,2025-03-20T12:59:41.720000+00:00,2025-03-20T13:30:00+00:00,117.52,0.0,0.0,0.01174,0.01329,0.01804,0.01723,0.00655,0.01367
114195442142009895,AAPL,XLK,no_clear_stance,in_session,2025-03-20T15:22:00+00:00,2025-03-20T15:22:00+00:00,216.99,0.00195,0.00055,-0.00433,-0.00494,-0.01314,-0.00598,-0.01733,-0.00729
114195442142009895,NVDA,SOXX,no_clear_stance,in_session,2025-03-20T15:22:00+00:00,2025-03-20T15:22:00+00:00,118.9,0.00301,0.00099,0.00622,0.00386,-0.00513,0.00044,-0.0085,0.00062
114198186465713235,TSLA,XLY,no_clear_stance,shifted_to_next_open,2025-03-21T03:00:00+00:00,2025-03-21T13:30:00+00:00,236.25,0.02499,0.0386,0.01134,0.02146,0.01693,0.02428,0.03683,0.03815
114200175082806882,TSLA,XLY,negative,shifted_to_next_open,2025-03-21T11:26:00+00:00,2025-03-21T13:30:00+00:00,236.25,0.02499,0.0386,0.01134,0.02146,0.01693,0.02428,0.03683,0.03815
114200244380161257,TSLA,XLY,no_clear_stance,shifted_to_next_open,2025-03-21T11:43:59.928000+00:00,2025-03-21T13:30:00+00:00,236.25,0.02499,0.0386,0.01134,0.02146,0.01693,0.02428,0.03683,0.03815
114259522932730072,TSLA,XLY,no_clear_stance,shifted_to_next_open,2025-03-31T22:59:00+00:00,2025-04-01T13:30:00+00:00,259.27,0.09658,0.08057,0.02592,0.02769,0.05747,0.04592,0.05577,0.042
114265268833712885,TSLA,XLY,no_clear_stance,shifted_to_next_open,2025-04-01T23:20:00+00:00,2025-04-02T13:30:00+00:00,268.48,-0.00168,-0.00796,-0.0203,-0.02,0.02621,0.01759,0.0549,0.03741
114307832213562859,AAPL,XLK,positive,shifted_to_next_open,2025-04-09T11:44:00+00:00,2025-04-09T13:30:00+00:00,172.77,-0.17833,-0.02799,0.03265,0.0148,0.04043,0.02519,0.03947,0.02107
114308228615083777,JPM,XLF,no_clear_stance,shifted_to_next_open,2025-04-09T13:25:00+00:00,2025-04-09T13:30:00+00:00,216.9,0.0,0.0,-0.00592,0.00056,-0.00977,-0.00169,-0.00793,0.00049
114336879485867419,NVDA,SOXX,no_clear_stance,in_session,2025-04-14T14:52:00+00:00,2025-04-14T14:52:00+00:00,112.57,-0.00324,0.00792,-0.01096,0.00685,-0.02254,0.00264,-0.0189,0.00237
114341773968885783,NVDA,SOXX,no_clear_stance,shifted_to_next_open,2025-04-15T11:36:50.023000+00:00,2025-04-15T13:30:00+00:00,110.7,-0.00107,-0.01061,0.00285,-0.00102,0.01201,0.00536,0.02317,0.01026
114342518862792060,BA,ITA,no_clear_stance,in_session,2025-04-15T14:46:00+00:00,2025-04-15T14:46:00+00:00,156.03,0.00579,0.004,0.00718,0.00645,0.01577,0.01186,0.00878,0.01063
114372126396548824,AMD,SOXX,no_clear_stance,shifted_to_next_open,2025-04-20T20:15:51.314000+00:00,2025-04-21T13:30:00+00:00,87.43,0.0,0.0,-0.03037,0.00133,-0.03191,9e-05,-0.03694,-0.0038
114393194962253226,AAPL,XLK,no_clear_stance,in_session,2025-04-24T13:33:00+00:00,2025-04-24T13:33:00+00:00,204.36,0.00366,-0.00757,0.00959,-0.01828,0.00766,-0.0196,0.00944,-0.02247
114393469355437462,BA,ITA,no_clear_stance,in_session,2025-04-24T14:43:00+00:00,2025-04-24T14:43:00+00:00,171.98,0.00409,0.00013,0.00727,0.00449,0.0207,0.01459,0.02215,0.01375
114414863742664682,AMZN,XLY,positive,shifted_to_next_open,2025-04-28T09:24:00+00:00,2025-04-28T13:30:00+00:00,188.95,-0.04693,-0.03863,-0.00275,-0.00721,-0.01687,-0.00731,-0.02064,-0.00844
114432954072144063,NVDA,SOXX,no_clear_stance,in_session,2025-05-01T14:05:00+00:00,2025-05-01T14:05:00+00:00,108.78,0.00447,0.00285,0.04188,0.03252,0.05102,0.03427,0.04483,0.0351
114432976140064253,JNJ,XLV,positive,in_session,2025-05-01T14:10:00+00:00,2025-05-01T14:10:00+00:00,156.25,0.00178,-0.00154,-0.0081,0.00316,-0.011,0.00602,-0.01261,0.01225
114432976140064253,MRK,XLV,positive,in_session,2025-05-01T14:10:00+00:00,2025-05-01T14:10:00+00:00,85.12,-0.00261,-0.00593,-0.01087,0.00039,-0.01134,0.00569,-0.02114,0.00372
114432976140064253,ABBV,XLV,positive,in_session,2025-05-01T14:10:00+00:00,2025-05-01T14:10:00+00:00,195.1,0.00839,0.00506,-0.00456,0.00669,-0.00351,0.01351,-0.0072,0.01766
114432976140064253,AMZN,XLY,positive,in_session,2025-05-01T14:10:00+00:00,2025-05-01T14:10:00+00:00,184.32,0.01054,0.00376,0.02642,0.01516,0.03277,0.01709,0.02838,0.02016
114478780390671313,BA,ITA,positive,in_session,2025-05-09T16:19:00+00:00,2025-05-09T16:19:00+00:00,192.41,0.00124,-0.00231,0.00421,0.00189,0.01025,0.00424,0.0099,0.00524
114503203859060399,BA,ITA,no_clear_stance,shifted_to_next_open,2025-05-13T23:50:34.713000+00:00,2025-05-14T13:30:00+00:00,203.37,0.05288,0.0287,0.01755,0.02022,0.01522,0.01461,0.01628,0.01484
114526479593964662,BA,ITA,no_clear_stance,shifted_to_next_open,2025-05-18T02:29:00+00:00,2025-05-19T13:30:00+00:00,205.77,0.0022,-0.03051,-0.00437,-0.00821,-0.00957,-0.01237,-0.00544,-0.0105
114556874484491575,AAPL,XLK,no_clear_stance,shifted_to_next_open,2025-05-23T11:19:00+00:00,2025-05-23T13:30:00+00:00,201.37,-0.04607,-0.15912,-0.02086,-0.00913,-0.02376,-0.01238,-0.02642,-0.01482
114571147521146559,AMZN,XLY,no_clear_stance,shifted_to_next_open,2025-05-25T23:49:00+00:00,2025-05-27T13:30:00+00:00,200.99,0.07049,-8e-05,0.02005,-0.0017,0.02125,-0.0024,0.02408,-0.00199
114593895018014960,TSLA,XLY,no_clear_stance,shifted_to_next_open,2025-05-30T00:14:31.930000+00:00,2025-05-30T13:30:00+00:00,358.45,0.34263,0.34352,0.0095,0.00759,0.00686,0.00551,-0.01221,-0.00574
114598281297498204,TSLA,XLY,no_clear_stance,in_session,2025-05-30T18:50:00+00:00,2025-05-30T18:50:00+00:00,350.6,0.00719,0.00322,0.00305,-0.00018,-0.0138,-0.01252,-0.0138,-0.01252
114700676310138971,INTC,SOXX,no_clear_stance,shifted_to_next_open,2025-06-17T20:50:00+00:00,2025-06-18T13:30:00+00:00,20.79,0.01732,0.00762,0.0202,0.00655,0.02381,0.0153,0.03583,0.02599
114776149269773065,TSLA,XLY,no_clear_stance,shifted_to_next_open,2025-07-01T04:44:11.162000+00:00,2025-07-01T13:30:00+00:00,317.62,-0.14185,-0.15081,-0.04543,-0.04617,-0.05303,-0.05802,-0.04524,-0.05214
114808616176041421,TSLA,XLY,no_clear_stance,shifted_to_next_open,2025-07-06T22:20:00+00:00,2025-07-07T13:30:00+00:00,317.09,-0.04305,-0.04987,-0.0754,-0.06304,-0.07657,-0.06298,-0.0772,-0.061
114824012434844395,MCD,XLY,no_clear_stance,in_session,2025-07-09T15:36:00+00:00,2025-07-09T15:36:00+00:00,292.29,0.00085,0.00021,0.00072,0.0009,0.00222,0.00259,0.00388,0.00214
114829408208555940,NVDA,SOXX,no_clear_stance,in_session,2025-07-10T14:28:00+00:00,2025-07-10T14:28:00+00:00,162.83,0.00253,0.00029,-0.00258,-0.01126,-0.00143,-0.01503,0.00273,-0.00911
114858589029028619,BA,ITA,no_clear_stance,in_session,2025-07-15T18:09:00+00:00,2025-07-15T18:09:00+00:00,229.85,0.00614,0.00472,0.01226,0.00657,0.00561,0.00375,0.00057,-6e-05
114898229237459086,AMZN,XLY,negative,in_session,2025-07-22T18:10:43.638000+00:00,2025-07-22T18:10:43.638000+00:00,227.51,0.00229,-7e-05,-0.00127,-0.0025,0.00136,-0.00202,4e-05,-0.00318
114898507608732258,BA,ITA,no_clear_stance,in_session,2025-07-22T19:21:00+00:00,2025-07-22T19:21:00+00:00,228.7,-0.00288,-0.00104,0.0014,-0.00073,-0.00149,0.0009,-0.00149,0.0009
114905849389326140,NVDA,SOXX,positive,shifted_to_next_open,2025-07-24T02:28:37.881000+00:00,2025-07-24T13:30:00+00:00,170.83,0.06184,0.08609,0.00738,0.01304,0.01082,0.0126,0.01238,0.01558
114987288040725570,INTC,SOXX,no_clear_stance,shifted_to_next_open,2025-08-07T11:39:33.083000+00:00,2025-08-07T13:30:00+00:00,20.42,-0.0523,-0.06458,-0.0311,-0.04893,-0.03177,-0.04693,-0.02644,-0.04468
115012131343690532,INTC,SOXX,no_clear_stance,shifted_to_next_open,2025-08-11T20:57:31.839000+00:00,2025-08-12T13:30:00+00:00,20.67,0.02152,0.01542,0.02104,0.00124,0.03169,0.00459,0.03106,0.00223
115016216005489412,GS,XLF,no_clear_stance,in_session,2025-08-12T14:16:00+00:00,2025-08-12T14:16:00+00:00,719.33,0.00743,0.00552,0.0343,0.02243,0.03463,0.02373,0.03281,0.02114
115016246479417087,GS,XLF,no_clear_stance,in_session,2025-08-12T14:24:00+00:00,2025-08-12T14:24:00+00:00,719.33,0.00736,0.00516,0.0343,0.02243,0.03463,0.02373,0.03281,0.02114
115026776769476976,INTC,SOXX,no_clear_stance,shifted_to_next_open,2025-08-14T11:02:00+00:00,2025-08-14T13:30:00+00:00,22.2,0.04441,0.01488,-0.00041,0.00702,-0.00158,0.00709,0.00315,0.01363
115026874005799261,INTC,SOXX,no_clear_stance,shifted_to_next_open,2025-08-14T11:26:00+00:00,2025-08-14T13:30:00+00:00,22.2,0.04441,0.01488,-0.00041,0.00702,-0.00158,0.00709,0.00315,0.01363
115074444617901812,INTC,SOXX,positive,shifted_to_next_open,2025-08-22T21:04:36.953000+00:00,2025-08-25T13:30:00+00:00,24.81,-0.0014,0.00338,0.0127,0.01444,0.01471,0.01395,0.00967,0.00887
115089582863713336,INTC,SOXX,no_clear_stance,shifted_to_next_open,2025-08-25T13:14:00+00:00,2025-08-25T13:30:00+00:00,24.81,-0.01366,-0.00888,0.0127,0.01444,0.01471,0.01395,0.00967,0.00887
115128985245605660,PFE,XLV,no_clear_stance,shifted_to_next_open,2025-09-01T12:15:00+00:00,2025-09-02T13:30:00+00:00,24.76,0.0,0.0,0.00263,0.00423,0.00343,0.00663,-0.00141,0.00241
115153232183118149,AAPL,XLK,no_clear_stance,in_session,2025-09-05T19:01:00+00:00,2025-09-05T19:01:00+00:00,239.12,8e-05,-0.00188,0.00337,0.00097,0.0023,0.00022,0.0023,0.00022
115169843962994945,AMZN,XLY,no_clear_stance,in_session,2025-09-08T17:25:00+00:00,2025-09-08T17:25:00+00:00,236.6,-0.00042,0.00121,-0.00197,-0.00218,-0.00042,-0.00121,-0.00182,-0.00095
115209308362990527,AMZN,XLY,no_clear_stance,in_session,2025-09-15T16:42:00+00:00,2025-09-15T16:42:00+00:00,231.95,-0.00276,-0.00268,-0.00265,-0.00137,-0.00177,0.00498,-0.00297,0.00291
115232256964155055,BA,ITA,no_clear_stance,in_session,2025-09-19T17:58:22.211000+00:00,2025-09-19T17:58:22.211000+00:00,213.75,0.00224,0.00081,0.00228,0.00016,0.00185,-0.00214,0.0084,0.00471
115232256964155055,LMT,ITA,no_clear_stance,in_session,2025-09-19T17:58:22.211000+00:00,2025-09-19T17:58:22.211000+00:00,474.17,-0.00045,-0.00188,-0.00078,-0.0029,0.0003,-0.0037,-0.00259,-0.00629
115250311291343080,BA,ITA,positive,shifted_to_next_open,2025-09-22T22:29:49.377000+00:00,2025-09-23T13:30:00+00:00,212.08,0.01969,0.00398,0.02791,0.01751,0.01985,0.0145,0.01933,0.01427
115272665190921190,MSFT,XLK,no_clear_stance,shifted_to_next_open,2025-09-26T21:14:00+00:00,2025-09-29T13:30:00+00:00,511.55,0.00779,-0.00175,0.00818,-0.0024,0.00278,-0.00382,0.00726,0.00094
115272758814629814,MSFT,XLK,no_clear_stance,shifted_to_next_open,2025-09-26T21:38:00+00:00,2025-09-29T13:30:00+00:00,511.55,0.00779,-0.00175,0.00818,-0.0024,0.00278,-0.00382,0.00726,0.00094
115347456920917051,AMZN,XLY,positive,shifted_to_next_open,2025-10-10T02:15:14.055000+00:00,2025-10-10T13:30:00+00:00,227.62,-0.01961,0.00351,-0.00471,-0.0059,-0.03119,-0.01466,-0.03277,-0.015
115442848945833358,AMZN,XLY,no_clear_stance,shifted_to_next_open,2025-10-26T22:34:00+00:00,2025-10-27T13:30:00+00:00,224.26,0.00474,-0.01829,0.01379,0.00035,0.01192,-0.00213,0.0136,-0.00218
115567293174185547,AMZN,XLY,no_clear_stance,shifted_to_next_open,2025-11-17T22:02:00+00:00,2025-11-18T14:30:00+00:00,232.89,-0.03252,-0.01624,-0.03165,-0.0156,-0.02847,-0.01811,-0.04326,-0.02512
115670528158863252,AMZN,XLY,positive,shifted_to_next_open,2025-12-06T03:36:29.925000+00:00,2025-12-08T14:30:00+00:00,229.55,0.01854,0.48963,-0.00222,0.00613,-0.00645,0.00658,-0.00989,0.00506
115670577719463498,AMZN,XLY,positive,shifted_to_next_open,2025-12-06T03:49:00+00:00,2025-12-08T14:30:00+00:00,229.55,0.01854,0.48963,-0.00222,0.00613,-0.00645,0.00658,-0.00989,0.00506
115684406134734247,AAPL,XLK,negative,shifted_to_next_open,2025-12-08T14:25:00+00:00,2025-12-08T14:30:00+00:00,278.79,-0.0005,0.47449,-0.00441,-0.01096,-0.00477,-0.01105,-0.0056,-0.01043
115686072737425841,NVDA,SOXX,positive,shifted_to_next_open,2025-12-08T21:29:00+00:00,2025-12-09T14:30:00+00:00,184.88,-0.008,-0.00166,-0.00138,-0.00151,0.001,-0.0007,2e-05,-0.00241
115686072737425841,AMD,SOXX,positive,shifted_to_next_open,2025-12-08T21:29:00+00:00,2025-12-09T14:30:00+00:00,220.75,-0.00864,-0.0023,0.01223,0.0121,0.00715,0.00545,0.00893,0.00651
115686072737425841,INTC,SOXX,positive,shifted_to_next_open,2025-12-08T21:29:00+00:00,2025-12-09T14:30:00+00:00,40.1,0.00186,0.0082,0.00648,0.00635,0.00536,0.00366,0.00549,0.00306
115725803987363092,AMZN,XLY,no_clear_stance,shifted_to_next_open,2025-12-15T21:53:52.131000+00:00,2025-12-16T14:30:00+00:00,222.55,0.00287,0.00107,-0.00083,0.00135,0.0009,0.00205,-0.00108,-0.00022
115810597668691530,AMZN,XLY,no_clear_stance,shifted_to_next_open,2025-12-30T21:18:01.026000+00:00,2025-12-31T14:30:00+00:00,231.74,-0.00249,-0.00087,0.00051,0.00346,-0.00229,0.00191,-0.00164,0.0021
115821862193209382,AMZN,XLY,no_clear_stance,shifted_to_next_open,2026-01-01T21:02:00+00:00,2026-01-02T14:30:00+00:00,230.84,0.00276,0.00737,-0.01436,-0.00557,-0.02144,-0.01361,-0.01791,-0.01045
115855836062461949,RTX,ITA,no_clear_stance,shifted_to_next_open,2026-01-07T21:02:00+00:00,2026-01-08T14:30:00+00:00,186.59,0.05551,0.01983,0.02891,0.00276,0.01497,0.0015,0.00351,-0.00048
115861537483492504,INTC,SOXX,positive,shifted_to_next_open,2026-01-08T21:12:40.917000+00:00,2026-01-09T14:30:00+00:00,41.04,0.08763,0.06972,0.09039,0.06521,0.06529,0.03729,0.087,0.05733
115867385857410443,AMZN,XLY,positive,shifted_to_next_open,2026-01-09T22:00:00+00:00,2026-01-12T14:30:00+00:00,247.35,0.00259,0.00194,0.00129,0.00041,0.0012,-0.00069,0.00303,-0.00115
115884759090137876,MSFT,XLK,positive,shifted_to_next_open,2026-01-12T23:38:00+00:00,2026-01-13T14:30:00+00:00,477.19,-0.08285,-0.07618,-0.01876,-0.01497,-0.01771,-0.01696,-0.01568,-0.01704
115893658269457561,INTC,SOXX,no_clear_stance,shifted_to_next_open,2026-01-14T13:21:00+00:00,2026-01-14T14:30:00+00:00,47.29,0.08329,0.06907,0.01713,0.02646,0.01882,0.02929,0.01238,0.02636
115911321115123547,JPM,XLF,negative,shifted_to_next_open,2026-01-17T16:13:00+00:00,2026-01-20T14:30:00+00:00,312.44,0.41253,0.38813,-0.00699,8e-05,-0.00995,0.00089,-0.01203,0.00073
115940059516984793,JPM,XLF,no_clear_stance,in_session,2026-01-22T18:01:52.066000+00:00,2026-01-22T18:01:52.066000+00:00,306.32,-0.00232,9e-05,-0.00421,-0.00241,-0.00462,-0.00356,-0.00966,-0.0062
115945837215795716,AMZN,XLY,no_clear_stance,in_session,2026-01-23T18:31:00+00:00,2026-01-23T18:31:00+00:00,239.41,-0.00142,-0.00191,0.00018,-0.00063,-0.00057,-0.00142,-0.0009,-0.00277
115962472454059914,AMZN,XLY,no_clear_stance,in_session,2026-01-26T17:01:00+00:00,2026-01-26T17:01:00+00:00,239.84,-0.00088,-0.00075,-0.00089,0.0004,-0.00318,-0.00108,-0.00168,0.0003
115983891481988557,MS,XLF,no_clear_stance,shifted_to_next_open,2026-01-30T11:48:00+00:00,2026-01-30T14:30:00+00:00,182.21,0.0,0.0,-0.00022,0.00099,-0.00922,-0.00063,-0.00439,0.00093
115987233609226463,AMZN,XLY,no_clear_stance,shifted_to_next_open,2026-01-31T01:58:00+00:00,2026-02-02T14:30:00+00:00,239.26,0.0171,0.02844,0.02297,0.01975,0.02207,0.01803,0.02382,0.01582
116050559055597383,AAPL,XLK,no_clear_stance,shifted_to_next_open,2026-02-11T06:23:21.251000+00:00,2026-02-11T14:30:00+00:00,273.79,-0.00515,0.01895,0.01191,0.01934,0.01607,0.01614,0.02248,0.01694
116109320498109062,INTC,SOXX,positive,shifted_to_next_open,2026-02-21T15:27:09.708000+00:00,2026-02-23T14:30:00+00:00,44.12,-0.08745,-0.17882,0.00261,0.00583,-0.00567,0.00619,-0.01213,0.00156
116143350148522906,AAPL,XLK,no_clear_stance,in_session,2026-02-27T15:41:20.964000+00:00,2026-02-27T15:41:20.964000+00:00,268.51,-0.00024,0.00019,0.00205,0.00327,-0.00231,0.00081,-0.00951,-0.00381
116144057341130700,AAPL,XLK,no_clear_stance,in_session,2026-02-27T18:41:11.831000+00:00,2026-02-27T18:41:11.831000+00:00,265.95,-0.00113,-4e-05,-0.00083,0.00072,0.00259,4e-05,-0.0067,-0.00825
116144058486971927,AAPL,XLK,no_clear_stance,in_session,2026-02-27T18:41:29.313000+00:00,2026-02-27T18:41:29.313000+00:00,265.95,-0.00113,-4e-05,-0.00083,0.00072,0.00259,4e-05,-0.0067,-0.00825
116184185735585906,BA,ITA,no_clear_stance,in_session,2026-03-06T20:46:00+00:00,2026-03-06T20:46:00+00:00,230.54,0.00269,-4e-05,0.00239,-0.00139,0.00239,-0.00139,0.00239,-0.00139
116184185735585906,RTX,ITA,no_clear_stance,in_session,2026-03-06T20:46:00+00:00,2026-03-06T20:46:00+00:00,209.15,0.00479,0.00205,0.0027,-0.00107,0.0027,-0.00107,0.0027,-0.00107
116184185735585906,LMT,ITA,no_clear_stance,in_session,2026-03-06T20:46:00+00:00,2026-03-06T20:46:00+00:00,669.97,0.00503,0.0023,0.00246,-0.00131,0.00246,-0.00131,0.00246,-0.00131
116184185735585906,NOC,ITA,no_clear_stance,in_session,2026-03-06T20:46:00+00:00,2026-03-06T20:46:00+00:00,756.33,0.00174,-0.001,-0.00016,-0.00393,-0.00016,-0.00393,-0.00016,-0.00393
116249447962443816,INTC,SOXX,no_clear_stance,shifted_to_next_open,2026-03-18T09:23:25.126000+00:00,2026-03-18T13:30:00+00:00,44.04,0.01156,0.05537,0.00749,0.00967,0.00886,0.00392,0.02441,0.01859
116257826369374629,JPM,XLF,no_clear_stance,shifted_to_next_open,2026-03-19T20:54:09.435000+00:00,2026-03-20T13:30:00+00:00,288.0,-0.00122,-0.00101,-0.0046,-0.00397,-0.00538,-0.00344,0.00052,-0.00305
116377366086619888,AMZN,XLY,no_clear_stance,shifted_to_next_open,2026-04-09T23:34:00+00:00,2026-04-10T13:30:00+00:00,233.65,-0.02501,0.04458,0.02304,0.01905,0.02422,0.02329,0.0183,0.02087
116421668823698549,AAPL,XLK,no_clear_stance,in_session,2026-04-17T19:21:26.920000+00:00,2026-04-17T19:21:26.920000+00:00,270.19,0.00193,0.00063,-0.00183,-0.00199,-2e-05,-0.00258,-2e-05,-0.00258
116421671494376872,MCD,XLY,no_clear_stance,in_session,2026-04-17T19:22:00+00:00,2026-04-17T19:22:00+00:00,311.82,0.00079,0.00079,-0.00043,0.00164,-0.00149,0.00066,-0.00149,0.00066
116438239629407600,BA,ITA,no_clear_stance,in_session,2026-04-20T17:35:37.313000+00:00,2026-04-20T17:35:37.313000+00:00,222.71,0.0018,0.00288,0.00368,0.00217,0.00779,0.00543,0.01078,0.00727
116438239629407600,AMZN,XLY,negative,in_session,2026-04-20T17:35:37.313000+00:00,2026-04-20T17:35:37.313000+00:00,247.61,0.00129,0.00154,0.00079,3e-05,0.00214,0.00076,0.00275,7e-05
116438381520104888,AMZN,XLY,negative,in_session,2026-04-20T18:11:42.394000+00:00,2026-04-20T18:11:42.394000+00:00,247.61,0.00081,0.00039,0.00079,3e-05,0.00214,0.00076,0.00275,7e-05
116442276577696798,AAPL,XLK,positive,shifted_to_next_open,2026-04-21T10:42:00+00:00,2026-04-21T13:30:00+00:00,272.93,0.00585,-0.00297,-0.01227,-0.01991,-0.01832,-0.02104,-0.0259,-0.02862
116445317344745621,BA,ITA,no_clear_stance,shifted_to_next_open,2026-04-21T23:35:00+00:00,2026-04-22T13:30:00+00:00,219.27,0.00204,0.04436,0.03448,0.05213,0.04524,0.06213,0.04624,0.07009
116446191940811375,INTC,SOXX,no_clear_stance,shifted_to_next_open,2026-04-22T03:17:59.955000+00:00,2026-04-22T13:30:00+00:00,66.3,0.49319,0.25107,0.00068,-0.01256,-0.00317,-0.0204,-0.0132,-0.03132
116456468852658900,WFC,XLF,no_clear_stance,shifted_to_next_open,2026-04-23T22:51:00+00:00,2026-04-24T13:30:00+00:00,80.48,0.0,0.0,-0.00515,0.00035,-0.00882,-0.00264,-0.00969,-0.00371
116490320065457761,INTC,SOXX,positive,shifted_to_next_open,2026-04-29T22:20:00+00:00,2026-04-30T13:30:00+00:00,94.78,-0.02421,-0.03121,-0.0231,-0.02592,-0.00411,-0.02204,-0.01277,-0.03156
116490493540315586,AMZN,XLY,no_clear_stance,shifted_to_next_open,2026-04-29T23:04:28.719000+00:00,2026-04-30T13:30:00+00:00,263.27,0.04561,0.07145,-0.01603,-0.01736,-0.01922,-0.02196,-0.01571,-0.01853
116565066757116256,GS,XLF,positive,shifted_to_next_open,2026-05-13T03:09:25.703000+00:00,2026-05-13T13:30:00+00:00,946.47,0.25589,0.26404,0.01048,0.01669,0.00672,0.01758,0.01125,0.02124
116565066757116256,AAPL,XLK,positive,shifted_to_next_open,2026-05-13T03:09:25.703000+00:00,2026-05-13T13:30:00+00:00,294.87,0.08768,-0.03661,0.00095,-0.00076,0.00702,0.00274,0.01197,0.00358
116565066757116256,NVDA,SOXX,positive,shifted_to_next_open,2026-05-13T03:09:25.703000+00:00,2026-05-13T13:30:00+00:00,220.87,0.21482,0.07018,0.01616,0.00337,0.02418,0.00666,0.02925,0.00494
116565066757116256,BA,ITA,positive,shifted_to_next_open,2026-05-13T03:09:25.703000+00:00,2026-05-13T13:30:00+00:00,236.87,0.05397,0.04827,0.0065,0.01262,0.01701,0.01679,0.01566,0.01291
116678321217174312,INTC,SOXX,no_clear_stance,shifted_to_next_open,2026-06-02T03:11:00+00:00,2026-06-02T13:30:00+00:00,109.3,0.15342,0.012,-0.03074,-0.06266,-0.00508,-0.05256,-0.01464,-0.05833
116698196665878804,AMZN,XLY,positive,in_session,2026-06-05T15:26:00+00:00,2026-06-05T15:26:00+00:00,253.84,-0.00245,0.00098,-0.00089,0.00228,-0.00317,0.00405,-0.00169,0.00702
116700110138790417,AMZN,XLY,positive,shifted_to_next_open,2026-06-05T23:32:00+00:00,2026-06-08T13:30:00+00:00,245.97,-0.02253,-0.01741,0.00342,-0.00486,0.00191,-0.00384,0.00199,-0.00471
116744329783387013,MCD,XLY,no_clear_stance,shifted_to_next_open,2026-06-13T18:58:22.407000+00:00,2026-06-15T13:30:00+00:00,284.81,-0.07735,-0.10958,0.00565,-0.01433,0.00456,-0.01413,0.00709,-0.01379
116764370070279119,MCD,XLY,positive,shifted_to_next_open,2026-06-17T07:54:52.919000+00:00,2026-06-17T13:30:00+00:00,287.94,-7e-05,0.00959,-0.00636,-0.00154,-0.00886,0.00043,-0.01125,-0.00526
116769129718272146,AMZN,XLY,no_clear_stance,shifted_to_next_open,2026-06-18T04:05:19.448000+00:00,2026-06-18T13:30:00+00:00,237.44,-0.03232,-0.01797,0.00823,0.00165,0.02066,0.00927,0.02531,0.01171
116769225357410422,AAPL,XLK,no_clear_stance,shifted_to_next_open,2026-06-18T04:29:38.755000+00:00,2026-06-18T13:30:00+00:00,295.88,0.00988,-0.07566,0.01261,-0.01275,0.00416,-0.02174,0.00544,-0.02341
116769225357410422,NVDA,SOXX,no_clear_stance,shifted_to_next_open,2026-06-18T04:29:38.755000+00:00,2026-06-18T13:30:00+00:00,204.68,-0.07112,-0.13215,0.02175,-0.03535,0.02055,-0.04232,0.02593,-0.04072
116769225357410422,INTC,SOXX,no_clear_stance,shifted_to_next_open,2026-06-18T04:29:38.755000+00:00,2026-06-18T13:30:00+00:00,121.08,0.20549,0.14446,0.0612,0.0041,0.09106,0.02818,0.09927,0.03263
